<TopologieFile Version="V5.5 + SP4 + HF9" NextFreeID="98"><WiringTypes><WiringType ID="1" Class="0" Name="Kupfer"/><WiringType ID="20" Name="Lichtwellenleiter" Class="54"/><WiringType ID="87" Name="Lichtwellenleiter" Class="5"/><WiringType ID="88" Name="Lichtwellenleiter" Class="26"/><WiringType ID="89" Name="Lichtwellenleiter" Class="1"/><WiringType ID="90" Name="Lichtwellenleiter" Class="10"/><WiringType ID="91" Name="Lichtwellenleiter" Class="18"/><WiringType ID="92" Name="Lichtwellenleiter" Class="13"/><WiringType ID="93" Name="Lichtwellenleiter" Class="46"/><WiringType ID="94" Name="Lichtwellenleiter" Class="24"/><WiringType ID="95" Name="Lichtwellenleiter" Class="99"/></WiringTypes><Project ID="2" Name="J1180R01" ProjPath="D:\Projects\Fanuc\01_Roboter\01_Projekte\J1180r01" EnvID="509" EnvType="1122305"><AvailableSubnetsStep7><Subnet ID="3" Name="Ethernet(1)"/></AvailableSubnetsStep7><AvailableDeviceTypesStep7><DeviceType ID="5" ObjType="2367626" Name="CP 1604" Webable="1"><InterfaceType ID="9" ObjType="2367628"><PortType ID="11" ObjType="2367624" WiringTypeRefId="1"/></InterfaceType></DeviceType><DeviceType ID="7" ObjType="1315651"><GraphLayout BitMapPath="PC.bmp"/><InterfaceType ID="97" ObjType="1335378"/></DeviceType><DeviceType ID="16" ObjType="1316803" Name="XT581" Webable="1"><GraphLayout BitMapPath="C:\Program Files (x86)\Siemens\Step7\S7data\Nsbmp\GSDML-0083-0005-XT581.bmp"/><InterfaceType ID="18" ObjType="1316804"><PortType ID="21" ObjType="1316846" WiringTypeRefId="20" FOTypes="4"/></InterfaceType></DeviceType><DeviceType ID="24" ObjType="1316803" Name="MVK-MPNIO-POF-IRT-V40" Webable="1"><GraphLayout BitMapPath="C:\Program Files (x86)\Siemens\Step7\S7data\Nsbmp\GSDML-012F-0121-MVK-MPNIO-POF-IRT-PP.bmp"/><InterfaceType ID="26" ObjType="1316804"><PortType ID="28" ObjType="1316846" WiringTypeRefId="20" FOTypes="4"/></InterfaceType></DeviceType><DeviceType ID="31" ObjType="1316803" Name="EX245-PN-FX" Webable="1"><GraphLayout BitMapPath="C:\Program Files (x86)\Siemens\Step7\S7data\Nsbmp\GSDML-0083-0056-EX2454N.bmp"/><InterfaceType ID="33" ObjType="1316804"><PortType ID="35" ObjType="1316846" WiringTypeRefId="20" FOTypes="4"/></InterfaceType></DeviceType><DeviceType ID="39" ObjType="1316803" Name="PSS6000WeldTimer" Webable="1"><GraphLayout BitMapPath="C:\Program Files (x86)\Siemens\Step7\S7data\Nsbmp\GSDML-011F-0001-Welding_Timers.bmp"/><InterfaceType ID="41" ObjType="1316804"><PortType ID="43" ObjType="1316846" WiringTypeRefId="20" FOTypes="4"/></InterfaceType></DeviceType><DeviceType ID="46" ObjType="1316803" Name="EX245-RP" Webable="1"><GraphLayout BitMapPath="C:\Program Files (x86)\Siemens\Step7\S7data\Nsbmp\GSDML-0083-0007-EX245.bmp"/><InterfaceType ID="48" ObjType="1316804"><PortType ID="50" ObjType="1316846" WiringTypeRefId="20" FOTypes="4"/></InterfaceType></DeviceType><DeviceType ID="54" ObjType="1316803" Name="EX245-PN-FX" Webable="1"><GraphLayout BitMapPath="C:\Program Files (x86)\Siemens\Step7\S7data\Nsbmp\GSDML-0083-0056-EX2454N.bmp"/><InterfaceType ID="56" ObjType="1316804"><PortType ID="58" ObjType="1316846" WiringTypeRefId="20" FOTypes="4"/></InterfaceType></DeviceType><DeviceType ID="63" ObjType="1316803" Name="PSS6000WeldTimer" Webable="1"><GraphLayout BitMapPath="C:\Program Files (x86)\Siemens\Step7\S7data\Nsbmp\GSDML-011F-0001-Welding_Timers.bmp"/><InterfaceType ID="65" ObjType="1316804"><PortType ID="67" ObjType="1316846" WiringTypeRefId="20" FOTypes="4"/></InterfaceType></DeviceType><DeviceType ID="71" ObjType="1316803" Name="XT581" Webable="1"><GraphLayout BitMapPath="C:\Program Files (x86)\Siemens\Step7\S7data\Nsbmp\GSDML-0083-0005-XT581.bmp"/><InterfaceType ID="73" ObjType="1316804"><PortType ID="75" ObjType="1316846" WiringTypeRefId="20" FOTypes="4"/></InterfaceType></DeviceType><DeviceType ID="80" ObjType="1316803" Name="EX245-PN-FX" Webable="1"><GraphLayout BitMapPath="C:\Program Files (x86)\Siemens\Step7\S7data\Nsbmp\GSDML-0083-0056-EX2454N.bmp"/><InterfaceType ID="82" ObjType="1316804"><PortType ID="84" ObjType="1316846" WiringTypeRefId="20" FOTypes="4"/></InterfaceType></DeviceType></AvailableDeviceTypesStep7><UsedDevicesStep7><Device ID="4" Name="KJLTVR111180R01RS--KUX(KJLTVR111180R01RS--KUX)" DiagHeader="1" ObjID="1" IP="172.26.30.190" DeviceTypeRefId="5" MLFB="6GK1160-4AA00" RTClass3Type="RT" SupportRTClass3="1" StationRefId="6" StationPos="1" Station="KJLTVR111180R01RS--KUX" DeviceID="2752515" PNControllerRefId="4" DeviceNo="0" FWVersion="V2.6" SubnetRefId="3" IsInterface="1"><Interface ID="8" Name="KJLTVR111180R01RS--KUX" ObjID="1" InterfaceTypeRefId="9"><Port ID="10" ObjID="1" Name="Puerto 1 (X1 P1 R)" SlotNr="1" IsRingCapable="1" PortTypeRefId="11"/><Port ID="12" ObjID="2" Name="Puerto 2 (X1 P2 R)" SlotNr="2" IsRingCapable="1" PortTypeRefId="11"/><Port ID="13" ObjID="3" Name="Puerto 3 (X1 P3)" SlotNr="3" PortTypeRefId="11"/><Port ID="14" ObjID="4" Name="Puerto 4 (X1 P4)" SlotNr="4" PortTypeRefId="11"/></Interface></Device><Device ID="6" ObjID="1" Name="KJLTVR111180R01RS--KUX" DeviceTypeRefId="7"><GraphLayout XPos="-316" YPos="-30" IsExpanded="1" IsDeactivated="0"/><Interface ID="96" ObjID="1" Name="Administrador de estaci~" InterfaceTypeRefId="97" ODString="00146052, 00000001, 00000000, 00000000, 00112001, 000001fd, 00000000"/></Device><Device ID="15" Name="KJLTVR111180R01SZ-2KA1" ObjID="46" IP="172.26.30.198" DeviceTypeRefId="16" MLFB="XT581" RTClass3Type="RT" SupportRTClass3="1" Station="KJLTVR111180R01RS--KUX" DeviceID="8585221" SubsystemID="100" DeviceNo="198" Type="XT581" SubnetRefId="3" PNControllerRefId="4"><Interface ID="17" Name="KJLTVR111180R01SZ-2KA1" ObjID="47" InterfaceTypeRefId="18" SlotNr="0"><Port ID="19" ObjID="49" Name="Port 1 - FO (X1 P1 R)" SlotNr="1" IsRingCapable="1" PortTypeRefId="21" FOType="262145" ConnectionRefId="37"/><Port ID="22" ObjID="48" Name="Port 2 - FO (X1 P2 R)" SlotNr="2" IsRingCapable="1" PortTypeRefId="21" FOType="262145" ConnectionRefId="59"/></Interface><GraphLayout XPos="76" YPos="-31" IsExpanded="1" IsDeactivated="0"/></Device><Device ID="23" Name="KJLTVR111180R01RA-1KA1" ObjID="110" IP="172.26.30.192" DeviceTypeRefId="24" MLFB="55254" IsSharedDevice="1" PrimaryAssignment="1" RTClass3Type="RT" SupportRTClass3="1" Station="KJLTVR111180R01RS--KUX" DeviceID="19857697" SubsystemID="100" DeviceNo="192" FWVersion="4" Type="MVK-MPNIO PP galv.Tr." SubnetRefId="3" PNControllerRefId="4"><Interface ID="25" Name="KJLTVR111180R01RA-1KA1" ObjID="111" InterfaceTypeRefId="26" SlotNr="0"><Port ID="27" ObjID="113" Name="Port 1 (X1 P1)" SlotNr="1" IsRingCapable="1" PortTypeRefId="28" FOType="262145" IsPortAssigned="1" ConnectionRefId="61"/><Port ID="29" ObjID="114" Name="Port 2 (X1 P2)" SlotNr="2" IsRingCapable="1" PortTypeRefId="28" FOType="262145" IsPortAssigned="1" ConnectionRefId="51"/></Interface><GraphLayout XPos="232" YPos="-31" IsExpanded="1" IsDeactivated="0"/></Device><Device ID="30" Name="KJLTVR111180R01RP-1KA1" ObjID="86" IP="172.26.30.194" DeviceTypeRefId="31" MLFB="EX245" RTClass3Type="RT" SupportRTClass3="1" Station="KJLTVR111180R01RS--KUX" DeviceID="8585302" SubsystemID="100" DeviceNo="194" Type="SMC EX245" SubnetRefId="3" PNControllerRefId="4"><Interface ID="32" Name="KJLTVR111180R01RP-1KA1" ObjID="87" InterfaceTypeRefId="33" SlotNr="0"><Port ID="34" ObjID="89" Name="Port 1 - SC-RJ 100MBd FD (X1 P1 R)" SlotNr="1" IsRingCapable="1" PortTypeRefId="35" FOType="262145" ConnectionRefId="78"/><Port ID="36" ObjID="88" Name="Port 2 - SC-RJ 100MBd FD (X1 P2 R)" SlotNr="2" IsRingCapable="1" PortTypeRefId="35" FOType="262145" ConnectionRefId="37"/></Interface><GraphLayout XPos="-3" YPos="-31" IsExpanded="1" IsDeactivated="0"/></Device><Device ID="38" Name="KJLTVR111180R01SK-1KA1" ObjID="60" IP="172.26.30.199" DeviceTypeRefId="39" MLFB="PSS6000" RTClass3Type="RT" SupportRTClass3="1" Station="KJLTVR111180R01RS--KUX" DeviceID="18808833" SubsystemID="100" DeviceNo="199" FWVersion="V3.00" Type="Welding Timers" SubnetRefId="3" PNControllerRefId="4"><Interface ID="40" Name="KJLTVR111180R01SK-1KA1" ObjID="61" InterfaceTypeRefId="41" SlotNr="0"><Port ID="42" ObjID="63" Name="SC-RJ 100 MBit/s (P1 R)" SlotNr="1" IsRingCapable="1" PortTypeRefId="43" FOType="262145"/><Port ID="44" ObjID="64" Name="SC-RJ 100 MBit/s (P2 R)" SlotNr="2" IsRingCapable="1" PortTypeRefId="43" FOType="262145" ConnectionRefId="68"/></Interface><GraphLayout XPos="-238" YPos="-31" IsExpanded="1" IsDeactivated="0"/></Device><Device ID="45" Name="KJLTVR111180R01RA-3KA1" ObjID="5" IP="172.26.30.193" DeviceTypeRefId="46" MLFB="EX245" RTClass3Type="RT" SupportRTClass3="1" Station="KJLTVR111180R01RS--KUX" DeviceID="8585223" SubsystemID="100" DeviceNo="193" Type="SMC EX245" SubnetRefId="3" PNControllerRefId="4"><Interface ID="47" Name="KJLTVR111180R01RA-3KA1" ObjID="6" InterfaceTypeRefId="48" SlotNr="0"><Port ID="49" ObjID="8" Name="Port 1 - FO (X1 P1 R)" SlotNr="1" IsRingCapable="1" PortTypeRefId="50" FOType="262145" ConnectionRefId="51"/><Port ID="52" ObjID="9" Name="Port 2 - FO (X1 P2 R)" SlotNr="2" IsRingCapable="1" PortTypeRefId="50" FOType="262145" ConnectionRefId="85"/></Interface><GraphLayout XPos="313" YPos="-32" IsExpanded="1" IsDeactivated="0"/></Device><Device ID="53" Name="KJLTVR111180R01RP-2KA1" ObjID="52" IP="172.26.30.195" DeviceTypeRefId="54" MLFB="EX245" RTClass3Type="RT" SupportRTClass3="1" Station="KJLTVR111180R01RS--KUX" DeviceID="8585302" SubsystemID="100" DeviceNo="195" Type="SMC EX245" SubnetRefId="3" PNControllerRefId="4"><Interface ID="55" Name="KJLTVR111180R01RP-2KA1" ObjID="53" InterfaceTypeRefId="56" SlotNr="0"><Port ID="57" ObjID="55" Name="Port 1 - SC-RJ 100MBd FD (X1 P1 R)" SlotNr="1" IsRingCapable="1" PortTypeRefId="58" FOType="262145" ConnectionRefId="59"/><Port ID="60" ObjID="54" Name="Port 2 - SC-RJ 100MBd FD (X1 P2 R)" SlotNr="2" IsRingCapable="1" PortTypeRefId="58" FOType="262145" ConnectionRefId="61"/></Interface><GraphLayout XPos="154" YPos="-31" IsExpanded="1" IsDeactivated="0"/></Device><Device ID="62" Name="KJLTVR111180R01SK-2KA1" ObjID="66" IP="172.26.30.189" DeviceTypeRefId="63" MLFB="PSS6000" RTClass3Type="RT" SupportRTClass3="1" Station="KJLTVR111180R01RS--KUX" DeviceID="18808833" SubsystemID="100" DeviceNo="189" FWVersion="V3.00" Type="Welding Timers" SubnetRefId="3" PNControllerRefId="4"><Interface ID="64" Name="KJLTVR111180R01SK-2KA1" ObjID="67" InterfaceTypeRefId="65" SlotNr="0"><Port ID="66" ObjID="69" Name="SC-RJ 100 MBit/s (P1 R)" SlotNr="1" IsRingCapable="1" PortTypeRefId="67" FOType="262145" ConnectionRefId="68"/><Port ID="69" ObjID="70" Name="SC-RJ 100 MBit/s (P2 R)" SlotNr="2" IsRingCapable="1" PortTypeRefId="67" FOType="262145" ConnectionRefId="76"/></Interface><GraphLayout XPos="-161" YPos="-31" IsExpanded="1" IsDeactivated="0"/></Device><Device ID="70" Name="KJLTVR111180R01SZ-1KA1" ObjID="72" IP="172.26.30.197" DeviceTypeRefId="71" MLFB="XT581" RTClass3Type="RT" SupportRTClass3="1" Station="KJLTVR111180R01RS--KUX" DeviceID="8585221" SubsystemID="100" DeviceNo="197" Type="XT581" SubnetRefId="3" PNControllerRefId="4"><Interface ID="72" Name="KJLTVR111180R01SZ-1KA1" ObjID="73" InterfaceTypeRefId="73" SlotNr="0"><Port ID="74" ObjID="75" Name="Port 1 - FO (X1 P1 R)" SlotNr="1" IsRingCapable="1" PortTypeRefId="75" FOType="262145" ConnectionRefId="76"/><Port ID="77" ObjID="76" Name="Port 2 - FO (X1 P2 R)" SlotNr="2" IsRingCapable="1" PortTypeRefId="75" FOType="262145" ConnectionRefId="78"/></Interface><GraphLayout XPos="-83" YPos="-31" IsExpanded="1" IsDeactivated="0"/></Device><Device ID="79" Name="KJLTVR111180R01G--1KA1" ObjID="94" IP="172.26.30.196" DeviceTypeRefId="80" MLFB="EX245" RTClass3Type="RT" SupportRTClass3="1" Station="KJLTVR111180R01RS--KUX" DeviceID="8585302" SubsystemID="100" DeviceNo="196" Type="SMC EX245" SubnetRefId="3" PNControllerRefId="4"><Interface ID="81" Name="KJLTVR111180R01G--1KA1" ObjID="95" InterfaceTypeRefId="82" SlotNr="0"><Port ID="83" ObjID="97" Name="Port 1 - SC-RJ 100MBd FD (X1 P1 R)" SlotNr="1" IsRingCapable="1" PortTypeRefId="84" FOType="262145" ConnectionRefId="85"/><Port ID="86" ObjID="96" Name="Port 2 - SC-RJ 100MBd FD (X1 P2 R)" SlotNr="2" IsRingCapable="1" PortTypeRefId="84" FOType="262145"/></Interface><GraphLayout XPos="393" YPos="-31" IsExpanded="1" IsDeactivated="0"/></Device></UsedDevicesStep7><ConnectionList><Connection ID="37" PortToPortLength="50000" PortToPortDelay="300"><Comment></Comment></Connection><Connection ID="51" PortToPortLength="50000" PortToPortDelay="300"><Comment></Comment></Connection><Connection ID="59" PortToPortLength="50000" PortToPortDelay="300"><Comment></Comment></Connection><Connection ID="61" PortToPortLength="50000" PortToPortDelay="300"><Comment></Comment></Connection><Connection ID="68" PortToPortLength="50000" PortToPortDelay="300"><Comment></Comment></Connection><Connection ID="76" PortToPortLength="50000" PortToPortDelay="300"><Comment></Comment></Connection><Connection ID="78" PortToPortLength="50000" PortToPortDelay="300"><Comment></Comment></Connection><Connection ID="85" PortToPortLength="50000" PortToPortDelay="300"><Comment></Comment></Connection></ConnectionList><UserSettings><GraphLayout InitialPosLeft="96" InitialPosRight="540" InitialPosTop="-206" InitialPosBottom="98" SliderPos="65"/><WindowSettings ShowDeltaList="1" ShowCatalogList="1" InOnlineMode="1" SortedColumn="0" WndPosSize="64;31;900;661" TableFilter="0" ShowStationName="1" Unit="m" SelectionIDs="49;"/><WallpaperList/><GroupList/><DiscoverySettings ICMPSearch="0" DNSLookup="0" ICMPSearchNoDCP="0" LLDPForwarding="1" BridgeMib="0" StartIPRange="" EndIPRange=""/><OptionsSettings MiniatureAndCatalogView="1" StationsAndModuleView="0" NodesListView="0"/><ColumnSettings OfflineColumns="Name;Partner;LengthOffline;Length;SignalTime;Comment;Subnet;IPAddress;" OnlineColumns="Name;State;Partner;LengthOffline;LengthOnline;Damping;Length;SignalTime;Comment;Subnet;IPAddress;"/></UserSettings></Project></TopologieFile>
