<TopologieFile Version="V5.5 + SP4 + HF9" NextFreeID="93"><WiringTypes><WiringType ID="1" Class="0" Name="Kupfer"/><WiringType ID="20" Name="Lichtwellenleiter" Class="54"/><WiringType ID="82" Name="Lichtwellenleiter" Class="18"/><WiringType ID="83" Name="Lichtwellenleiter" Class="13"/><WiringType ID="84" Name="Lichtwellenleiter" Class="46"/><WiringType ID="85" Name="Lichtwellenleiter" Class="24"/><WiringType ID="86" Name="Lichtwellenleiter" Class="99"/><WiringType ID="87" Name="Lichtwellenleiter" Class="5"/><WiringType ID="88" Name="Lichtwellenleiter" Class="26"/><WiringType ID="89" Name="Lichtwellenleiter" Class="1"/><WiringType ID="90" Name="Lichtwellenleiter" Class="10"/></WiringTypes><Project ID="2" Name="J1370R01" ProjPath="D:\Projects\Fanuc\01_Roboter\01_Projekte\J1370r01" EnvID="508" EnvType="1122305"><AvailableSubnetsStep7><Subnet ID="3" Name="Ethernet(1)"/></AvailableSubnetsStep7><AvailableDeviceTypesStep7><DeviceType ID="5" ObjType="2367626" Name="CP 1604" Webable="1"><InterfaceType ID="9" ObjType="2367628"><PortType ID="11" ObjType="2367624" WiringTypeRefId="1"/></InterfaceType></DeviceType><DeviceType ID="7" ObjType="1315651"><GraphLayout BitMapPath="PC.bmp"/><InterfaceType ID="92" ObjType="1335378"/></DeviceType><DeviceType ID="16" ObjType="1316803" Name="PSS6000WeldTimer" Webable="1"><GraphLayout BitMapPath="C:\Program Files (x86)\Siemens\Step7\S7data\Nsbmp\GSDML-011F-0001-Welding_Timers.bmp"/><InterfaceType ID="18" ObjType="1316804"><PortType ID="21" ObjType="1316846" WiringTypeRefId="20" FOTypes="4"/></InterfaceType></DeviceType><DeviceType ID="24" ObjType="1316803" Name="EX245-PN-FX" Webable="1"><GraphLayout BitMapPath="C:\Program Files (x86)\Siemens\Step7\S7data\Nsbmp\GSDML-0083-0056-EX2454N.bmp"/><InterfaceType ID="26" ObjType="1316804"><PortType ID="28" ObjType="1316846" WiringTypeRefId="20" FOTypes="4"/></InterfaceType></DeviceType><DeviceType ID="31" ObjType="1316803" Name="XT581" Webable="1"><GraphLayout BitMapPath="C:\Program Files (x86)\Siemens\Step7\S7data\Nsbmp\GSDML-0083-0005-XT581.bmp"/><InterfaceType ID="33" ObjType="1316804"><PortType ID="35" ObjType="1316846" WiringTypeRefId="20" FOTypes="4"/></InterfaceType></DeviceType><DeviceType ID="39" ObjType="1316803" Name="MVK-MPNIO-POF-IRT-V40" Webable="1"><GraphLayout BitMapPath="C:\Program Files (x86)\Siemens\Step7\S7data\Nsbmp\GSDML-012F-0121-MVK-MPNIO-POF-IRT-PP.bmp"/><InterfaceType ID="41" ObjType="1316804"><PortType ID="43" ObjType="1316846" WiringTypeRefId="20" FOTypes="4"/></InterfaceType></DeviceType><DeviceType ID="47" ObjType="1316803" Name="EX245-RP" Webable="1"><GraphLayout BitMapPath="C:\Program Files (x86)\Siemens\Step7\S7data\Nsbmp\GSDML-0083-0007-EX245.bmp"/><InterfaceType ID="49" ObjType="1316804"><PortType ID="51" ObjType="1316846" WiringTypeRefId="20" FOTypes="4"/></InterfaceType></DeviceType><DeviceType ID="55" ObjType="1316803" Name="EX245-PN-FX" Webable="1"><GraphLayout BitMapPath="C:\Program Files (x86)\Siemens\Step7\S7data\Nsbmp\GSDML-0083-0056-EX2454N.bmp"/><InterfaceType ID="57" ObjType="1316804"><PortType ID="59" ObjType="1316846" WiringTypeRefId="20" FOTypes="4"/></InterfaceType></DeviceType><DeviceType ID="63" ObjType="2367715" Name="SCALANCE-X202-2PIRT" Webable="1"><GraphLayout BitMapPath="C:\Program Files (x86)\Siemens\Step7\S7data\Nsbmp\GSDML_002A_SCALANCEX2022PIRT.bmp"/><InterfaceType ID="65" ObjType="1316804"><PortType ID="67" ObjType="1316846" WiringTypeRefId="1"/><PortType ID="70" ObjType="1316846" WiringTypeRefId="20" FOTypes="4"/></InterfaceType></DeviceType><DeviceType ID="75" ObjType="1316803" Name="X20IF10E3-1" Webable="1"><GraphLayout BitMapPath="C:\Program Files (x86)\Siemens\Step7\S7data\Nsbmp\GSDML_0377_X20IF10E3_1.bmp"/><InterfaceType ID="77" ObjType="1316804"><PortType ID="79" ObjType="1316846" WiringTypeRefId="1"/></InterfaceType></DeviceType></AvailableDeviceTypesStep7><UsedDevicesStep7><Device ID="4" Name="KJLTVR311370R01RS--KUX(KJLTVR311370R01RS--KUX)" DiagHeader="1" ObjID="1" IP="172.26.31.210" DeviceTypeRefId="5" MLFB="6GK1160-4AA00" RTClass3Type="RT" SupportRTClass3="1" StationRefId="6" StationPos="1" Station="KJLTVR311370R01RS--KUX" DeviceID="2752515" PNControllerRefId="4" DeviceNo="0" FWVersion="V2.6" SubnetRefId="3" IsInterface="1"><Interface ID="8" Name="KJLTVR311370R01RS--KUX" ObjID="1" InterfaceTypeRefId="9"><Port ID="10" ObjID="1" Name="Port 1 (X1 P1 R)" SlotNr="1" IsRingCapable="1" PortTypeRefId="11"/><Port ID="12" ObjID="2" Name="Port 2 (X1 P2 R)" SlotNr="2" IsRingCapable="1" PortTypeRefId="11"/><Port ID="13" ObjID="3" Name="Port 3 (X1 P3)" SlotNr="3" PortTypeRefId="11"/><Port ID="14" ObjID="4" Name="Port 4 (X1 P4)" SlotNr="4" PortTypeRefId="11"/></Interface></Device><Device ID="6" ObjID="1" Name="KJLTVR311370R01RS--KUX" DeviceTypeRefId="7"><GraphLayout XPos="-331" YPos="-116" IsExpanded="1" IsDeactivated="0"/><Interface ID="91" ObjID="1" Name="Stationmanager" InterfaceTypeRefId="92" ODString="00146052, 00000001, 00000000, 00000000, 00112001, 000001fc, 00000000"/></Device><Device ID="15" Name="KJLTVR311370R01SK-1KA1" ObjID="121" IP="172.26.31.208" DeviceTypeRefId="16" MLFB="PSS6000" RTClass3Type="RT" SupportRTClass3="1" Station="KJLTVR311370R01RS--KUX" DeviceID="18808833" SubsystemID="100" DeviceNo="208" FWVersion="V3.00" Type="Welding Timers" SubnetRefId="3" PNControllerRefId="4"><Interface ID="17" Name="KJLTVR311370R01SK-1KA1" ObjID="122" InterfaceTypeRefId="18" SlotNr="0"><Port ID="19" ObjID="124" Name="SC-RJ 100 MBit/s (P1 R)" SlotNr="1" IsRingCapable="1" PortTypeRefId="21" FOType="262145"/><Port ID="22" ObjID="123" Name="SC-RJ 100 MBit/s (P2 R)" SlotNr="2" IsRingCapable="1" PortTypeRefId="21" FOType="262145" ConnectionRefId="71"/></Interface><GraphLayout XPos="-251" YPos="-116" IsExpanded="1" IsDeactivated="0"/></Device><Device ID="23" Name="KJLTVR311370R01RP-1KA1" ObjID="127" IP="172.26.31.214" DeviceTypeRefId="24" MLFB="EX245" RTClass3Type="RT" SupportRTClass3="1" Station="KJLTVR311370R01RS--KUX" DeviceID="8585302" SubsystemID="100" DeviceNo="214" Type="SMC EX245" SubnetRefId="3" PNControllerRefId="4"><Interface ID="25" Name="KJLTVR311370R01RP-1KA1" ObjID="128" InterfaceTypeRefId="26" SlotNr="0"><Port ID="27" ObjID="130" Name="Port 1 - SC-RJ 100MBd FD (X1 P1 R)" SlotNr="1" IsRingCapable="1" PortTypeRefId="28" FOType="262145" ConnectionRefId="37"/><Port ID="29" ObjID="129" Name="Port 2 - SC-RJ 100MBd FD (X1 P2 R)" SlotNr="2" IsRingCapable="1" PortTypeRefId="28" FOType="262145" ConnectionRefId="44"/></Interface><GraphLayout XPos="68" YPos="-114" IsExpanded="1" IsDeactivated="0"/></Device><Device ID="30" Name="KJLTVR311370R01SZ-1KA1" ObjID="135" IP="172.26.31.216" DeviceTypeRefId="31" MLFB="XT581" RTClass3Type="RT" SupportRTClass3="1" Station="KJLTVR311370R01RS--KUX" DeviceID="8585221" SubsystemID="100" DeviceNo="216" Type="XT581" SubnetRefId="3" PNControllerRefId="4"><Interface ID="32" Name="KJLTVR311370R01SZ-1KA1" ObjID="136" InterfaceTypeRefId="33" SlotNr="0"><Port ID="34" ObjID="138" Name="Port 1 - FO (X1 P1 R)" SlotNr="1" IsRingCapable="1" PortTypeRefId="35" FOType="262145" ConnectionRefId="73"/><Port ID="36" ObjID="137" Name="Port 2 - FO (X1 P2 R)" SlotNr="2" IsRingCapable="1" PortTypeRefId="35" FOType="262145" ConnectionRefId="37"/></Interface><GraphLayout XPos="-12" YPos="-114" IsExpanded="1" IsDeactivated="0"/></Device><Device ID="38" Name="KJLTVR311370R01RA-1KA1" ObjID="255" IP="172.26.31.212" DeviceTypeRefId="39" MLFB="55254" IsSharedDevice="1" PrimaryAssignment="1" RTClass3Type="RT" SupportRTClass3="1" Station="KJLTVR311370R01RS--KUX" DeviceID="19857697" SubsystemID="100" DeviceNo="212" FWVersion="4" Type="MVK-MPNIO PP galv.Tr." SubnetRefId="3" PNControllerRefId="4"><Interface ID="40" Name="KJLTVR311370R01RA-1KA1" ObjID="256" InterfaceTypeRefId="41" SlotNr="0"><Port ID="42" ObjID="258" Name="Port 1 (X1 P1)" SlotNr="1" IsRingCapable="1" PortTypeRefId="43" FOType="262145" ConnectionRefId="44" IsPortAssigned="1"/><Port ID="45" ObjID="257" Name="Port 2 (X1 P2)" SlotNr="2" IsRingCapable="1" PortTypeRefId="43" FOType="262145" IsPortAssigned="1" ConnectionRefId="52"/></Interface><GraphLayout XPos="147" YPos="-114" IsExpanded="1" IsDeactivated="0"/></Device><Device ID="46" Name="KJLTVR311370R01RA-3KA1" ObjID="149" IP="172.26.31.213" DeviceTypeRefId="47" MLFB="EX245" RTClass3Type="RT" SupportRTClass3="1" Station="KJLTVR311370R01RS--KUX" DeviceID="8585223" SubsystemID="100" DeviceNo="213" Type="SMC EX245" SubnetRefId="3" PNControllerRefId="4"><Interface ID="48" Name="KJLTVR311370R01RA-3KA1" ObjID="150" InterfaceTypeRefId="49" SlotNr="0"><Port ID="50" ObjID="152" Name="Port 1 - FO (X1 P1 R)" SlotNr="1" IsRingCapable="1" PortTypeRefId="51" FOType="262145" ConnectionRefId="52"/><Port ID="53" ObjID="151" Name="Port 2 - FO (X1 P2 R)" SlotNr="2" IsRingCapable="1" PortTypeRefId="51" FOType="262145" ConnectionRefId="60"/></Interface><GraphLayout XPos="226" YPos="-114" IsExpanded="1" IsDeactivated="0"/></Device><Device ID="54" Name="KJLTVR311370R01G--1KA1" ObjID="172" IP="172.26.31.215" DeviceTypeRefId="55" MLFB="EX245" RTClass3Type="RT" SupportRTClass3="1" Station="KJLTVR311370R01RS--KUX" DeviceID="8585302" SubsystemID="100" DeviceNo="215" Type="SMC EX245" SubnetRefId="3" PNControllerRefId="4"><Interface ID="56" Name="KJLTVR311370R01G--1KA1" ObjID="173" InterfaceTypeRefId="57" SlotNr="0"><Port ID="58" ObjID="175" Name="Port 1 - SC-RJ 100MBd FD (X1 P1 R)" SlotNr="1" IsRingCapable="1" PortTypeRefId="59" FOType="262145" ConnectionRefId="60"/><Port ID="61" ObjID="176" Name="Port 2 - SC-RJ 100MBd FD (X1 P2 R)" SlotNr="2" IsRingCapable="1" PortTypeRefId="59" FOType="262145"/></Interface><GraphLayout XPos="305" YPos="-113" IsExpanded="1" IsDeactivated="0"/></Device><Device ID="62" Name="KJLTVR311370R01KL-1KA1" ObjID="3" IP="172.26.31.217" DeviceTypeRefId="63" MLFB="6GK5202-2BH00-2BA3" RTClass3Type="RT" SupportRTClass3="1" Station="KJLTVR311370R01RS--KUX" DeviceID="2755073" SubsystemID="100" DeviceNo="217" FWVersion="V5.2" Type="SCALANCE X-200" SubnetRefId="3" PNControllerRefId="4"><Interface ID="64" Name="KJLTVR311370R01KL-1KA1" ObjID="271" InterfaceTypeRefId="65" SlotNr="0"><Port ID="66" ObjID="272" Name="Port 1 - RJ45 (X1 P1)" SlotNr="1" IsRingCapable="1" PortTypeRefId="67" ConnectionRefId="80"/><Port ID="68" ObjID="273" Name="Port 2 - RJ45 (X1 P2)" SlotNr="2" IsRingCapable="1" PortTypeRefId="67"/><Port ID="69" ObjID="274" Name="Port 3 - POF (X1 P3)" SlotNr="3" IsRingCapable="1" PortTypeRefId="70" FOType="262145" ConnectionRefId="71"/><Port ID="72" ObjID="275" Name="Port 4 - POF (X1 P4)" SlotNr="4" IsRingCapable="1" PortTypeRefId="70" FOType="262145" ConnectionRefId="73"/></Interface><GraphLayout XPos="-94" YPos="-115" IsExpanded="1" IsDeactivated="0"/></Device><Device ID="74" Name="KJLTVR311370R01KL-1KA2" ObjID="230" IP="172.26.31.218" DeviceTypeRefId="75" MLFB="X20IF10E3-1V1.3.x.x" IsSharedDevice="1" PrimaryAssignment="1" RTClass3Type="RT" SupportRTClass3="1" Station="KJLTVR311370R01RS--KUX" DeviceID="58173214" SubsystemID="100" DeviceNo="218" FWVersion="5.x" Type="PNS" SubnetRefId="3" PNControllerRefId="4"><Interface ID="76" Name="KJLTVR311370R01KL-1KA2" ObjID="231" InterfaceTypeRefId="77" SlotNr="0"><Port ID="78" ObjID="233" Name="Port 1 (X1 P1 R)" SlotNr="1" IsRingCapable="1" PortTypeRefId="79" ConnectionRefId="80" IsPortAssigned="1"/><Port ID="81" ObjID="232" Name="Port 2 (X1 P2 R)" SlotNr="2" IsRingCapable="1" PortTypeRefId="79" IsPortAssigned="1"/></Interface><GraphLayout XPos="-173" YPos="-115" IsExpanded="1" IsDeactivated="0"/></Device></UsedDevicesStep7><ConnectionList><Connection ID="37" PortToPortLength="50000" PortToPortDelay="300"><Comment></Comment></Connection><Connection ID="44" PortToPortLength="50000" PortToPortDelay="300"><Comment></Comment></Connection><Connection ID="52" PortToPortLength="50000" PortToPortDelay="300"><Comment></Comment></Connection><Connection ID="60" PortToPortLength="50000" PortToPortDelay="300"><Comment></Comment></Connection><Connection ID="71" PortToPortLength="50000" PortToPortDelay="300"><Comment></Comment><GraphLayout LowerOffset="-17"/></Connection><Connection ID="73" PortToPortLength="50000" PortToPortDelay="300"><Comment></Comment><GraphLayout LowerOffset="-11"/></Connection><Connection ID="80" PortToPortLength="100000" PortToPortDelay="600"><Comment></Comment></Connection></ConnectionList><UserSettings><GraphLayout InitialPosLeft="-156" InitialPosRight="344" InitialPosTop="-198" InitialPosBottom="160" SliderPos="57"/><WindowSettings ShowDeltaList="1" ShowCatalogList="1" InOnlineMode="1" SortedColumn="0" WndPosSize="96;21;900;672" TableFilter="0" ShowStationName="1" Unit="m" CycleInterval="m" SelectionIDs="78;"/><WallpaperList/><GroupList/><DiscoverySettings ICMPSearch="0" DNSLookup="0" ICMPSearchNoDCP="0" LLDPForwarding="1" BridgeMib="0" StartIPRange="0.0.0.0" EndIPRange="0.0.0.0"/><OptionsSettings MiniatureAndCatalogView="1" StationsAndModuleView="0" NodesListView="0"/><ColumnSettings OfflineColumns="Name;Partner;LengthOffline;Length;SignalTime;Comment;Subnet;IPAddress;" OnlineColumns="Name;State;Partner;LengthOffline;LengthOnline;Damping;Length;SignalTime;Comment;Subnet;IPAddress;"/></UserSettings></Project></TopologieFile>
