<TopologieFile Version="V5.5 + SP4 + HF9" NextFreeID="74"><WiringTypes><WiringType ID="1" Class="0" Name="Kupfer"/><WiringType ID="20" Name="Lichtwellenleiter" Class="54"/><WiringType ID="63" Name="Lichtwellenleiter" Class="18"/><WiringType ID="64" Name="Lichtwellenleiter" Class="13"/><WiringType ID="65" Name="Lichtwellenleiter" Class="46"/><WiringType ID="66" Name="Lichtwellenleiter" Class="24"/><WiringType ID="67" Name="Lichtwellenleiter" Class="99"/><WiringType ID="68" Name="Lichtwellenleiter" Class="5"/><WiringType ID="69" Name="Lichtwellenleiter" Class="26"/><WiringType ID="70" Name="Lichtwellenleiter" Class="1"/><WiringType ID="71" Name="Lichtwellenleiter" Class="10"/></WiringTypes><Project ID="2" Name="J1390R01" ProjPath="D:\Projects\Fanuc\01_Roboter\01_Projekte\J1390r01" EnvID="568" EnvType="1122305"><AvailableSubnetsStep7><Subnet ID="3" Name="Ethernet(1)"/></AvailableSubnetsStep7><AvailableDeviceTypesStep7><DeviceType ID="5" ObjType="2367626" Name="CP 1604" Webable="1"><InterfaceType ID="9" ObjType="2367628"><PortType ID="11" ObjType="2367624" WiringTypeRefId="1"/></InterfaceType></DeviceType><DeviceType ID="7" ObjType="1315651"><GraphLayout BitMapPath="PC.bmp"/><InterfaceType ID="73" ObjType="1335378"/></DeviceType><DeviceType ID="16" ObjType="1316803" Name="PSS6000WeldTimer" Webable="1"><GraphLayout BitMapPath="C:\Program Files (x86)\Siemens\Step7\S7data\Nsbmp\GSDML-011F-0001-Welding_Timers.bmp"/><InterfaceType ID="18" ObjType="1316804"><PortType ID="21" ObjType="1316846" WiringTypeRefId="20" FOTypes="4"/></InterfaceType></DeviceType><DeviceType ID="24" ObjType="1316803" Name="EX245-PN-FX" Webable="1"><GraphLayout BitMapPath="C:\Program Files (x86)\Siemens\Step7\S7data\Nsbmp\GSDML-0083-0056-EX2454N.bmp"/><InterfaceType ID="26" ObjType="1316804"><PortType ID="28" ObjType="1316846" WiringTypeRefId="20" FOTypes="4"/></InterfaceType></DeviceType><DeviceType ID="31" ObjType="1316803" Name="XT581" Webable="1"><GraphLayout BitMapPath="C:\Program Files (x86)\Siemens\Step7\S7data\Nsbmp\GSDML-0083-0005-XT581.bmp"/><InterfaceType ID="33" ObjType="1316804"><PortType ID="35" ObjType="1316846" WiringTypeRefId="20" FOTypes="4"/></InterfaceType></DeviceType><DeviceType ID="40" ObjType="1316803" Name="MVK-MPNIO-POF-IRT-V40" Webable="1"><GraphLayout BitMapPath="C:\Program Files (x86)\Siemens\Step7\S7data\Nsbmp\GSDML-012F-0121-MVK-MPNIO-POF-IRT-PP.bmp"/><InterfaceType ID="42" ObjType="1316804"><PortType ID="44" ObjType="1316846" WiringTypeRefId="20" FOTypes="4"/></InterfaceType></DeviceType><DeviceType ID="48" ObjType="1316803" Name="EX245-RP" Webable="1"><GraphLayout BitMapPath="C:\Program Files (x86)\Siemens\Step7\S7data\Nsbmp\GSDML-0083-0007-EX245.bmp"/><InterfaceType ID="50" ObjType="1316804"><PortType ID="52" ObjType="1316846" WiringTypeRefId="20" FOTypes="4"/></InterfaceType></DeviceType><DeviceType ID="56" ObjType="1316803" Name="EX245-PN-FX" Webable="1"><GraphLayout BitMapPath="C:\Program Files (x86)\Siemens\Step7\S7data\Nsbmp\GSDML-0083-0056-EX2454N.bmp"/><InterfaceType ID="58" ObjType="1316804"><PortType ID="60" ObjType="1316846" WiringTypeRefId="20" FOTypes="4"/></InterfaceType></DeviceType></AvailableDeviceTypesStep7><UsedDevicesStep7><Device ID="4" Name="KJLTVR311390R01RS--KUX(KJLTVR311390R01RS--KUX)" DiagHeader="1" ObjID="1" IP="172.26.31.190" DeviceTypeRefId="5" MLFB="6GK1160-4AA00" RTClass3Type="RT" SupportRTClass3="1" StationRefId="6" StationPos="1" Station="KJLTVR311390R01RS--KUX" DeviceID="2752515" PNControllerRefId="4" DeviceNo="0" FWVersion="V2.6" SubnetRefId="3" IsInterface="1"><Interface ID="8" Name="KJLTVR311390R01RS--KUX" ObjID="1" InterfaceTypeRefId="9"><Port ID="10" ObjID="1" Name="Port 1 (X1 P1 R)" SlotNr="1" IsRingCapable="1" PortTypeRefId="11"/><Port ID="12" ObjID="2" Name="Port 2 (X1 P2 R)" SlotNr="2" IsRingCapable="1" PortTypeRefId="11"/><Port ID="13" ObjID="3" Name="Port 3 (X1 P3)" SlotNr="3" PortTypeRefId="11"/><Port ID="14" ObjID="4" Name="Port 4 (X1 P4)" SlotNr="4" PortTypeRefId="11"/></Interface></Device><Device ID="6" ObjID="1" Name="KJLTVR311390R01RS--KUX" DeviceTypeRefId="7"><GraphLayout XPos="-251" YPos="-118" IsExpanded="1" IsDeactivated="0"/><Interface ID="72" ObjID="1" Name="Stationmanager" InterfaceTypeRefId="73" ODString="00146052, 00000001, 00000000, 00000000, 00112001, 00000238, 00000000"/></Device><Device ID="15" Name="KJLTVR311390R01SK-1KA1" ObjID="121" IP="172.26.31.197" DeviceTypeRefId="16" MLFB="PSS6000" RTClass3Type="RT" SupportRTClass3="1" Station="KJLTVR311390R01RS--KUX" DeviceID="18808833" SubsystemID="100" DeviceNo="197" FWVersion="V3.00" Type="Welding Timers" SubnetRefId="3" PNControllerRefId="4"><Interface ID="17" Name="KJLTVR311390R01SK-1KA1" ObjID="122" InterfaceTypeRefId="18" SlotNr="0"><Port ID="19" ObjID="124" Name="SC-RJ 100 MBit/s (P1 R)" SlotNr="1" IsRingCapable="1" PortTypeRefId="21" FOType="262145"/><Port ID="22" ObjID="123" Name="SC-RJ 100 MBit/s (P2 R)" SlotNr="2" IsRingCapable="1" PortTypeRefId="21" FOType="262145" ConnectionRefId="36"/></Interface><GraphLayout XPos="-164" YPos="-118" IsExpanded="1" IsDeactivated="0"/></Device><Device ID="23" Name="KJLTVR311390R01RP-1KA1" ObjID="127" IP="172.26.31.194" DeviceTypeRefId="24" MLFB="EX245" RTClass3Type="RT" SupportRTClass3="1" Station="KJLTVR311390R01RS--KUX" DeviceID="8585302" SubsystemID="100" DeviceNo="194" Type="SMC EX245" SubnetRefId="3" PNControllerRefId="4"><Interface ID="25" Name="KJLTVR311390R01RP-1KA1" ObjID="128" InterfaceTypeRefId="26" SlotNr="0"><Port ID="27" ObjID="130" Name="Port 1 - SC-RJ 100MBd FD (X1 P1 R)" SlotNr="1" IsRingCapable="1" PortTypeRefId="28" FOType="262145" ConnectionRefId="38"/><Port ID="29" ObjID="129" Name="Port 2 - SC-RJ 100MBd FD (X1 P2 R)" SlotNr="2" IsRingCapable="1" PortTypeRefId="28" FOType="262145" ConnectionRefId="45"/></Interface><GraphLayout XPos="2" YPos="-118" IsExpanded="1" IsDeactivated="0"/></Device><Device ID="30" Name="KJLTVR311390R01SZ-1KA1" ObjID="135" IP="172.26.31.196" DeviceTypeRefId="31" MLFB="XT581" RTClass3Type="RT" SupportRTClass3="1" Station="KJLTVR311390R01RS--KUX" DeviceID="8585221" SubsystemID="100" DeviceNo="196" Type="XT581" SubnetRefId="3" PNControllerRefId="4"><Interface ID="32" Name="KJLTVR311390R01SZ-1KA1" ObjID="136" InterfaceTypeRefId="33" SlotNr="0"><Port ID="34" ObjID="138" Name="Port 1 - FO (X1 P1 R)" SlotNr="1" IsRingCapable="1" PortTypeRefId="35" FOType="262145" ConnectionRefId="36"/><Port ID="37" ObjID="137" Name="Port 2 - FO (X1 P2 R)" SlotNr="2" IsRingCapable="1" PortTypeRefId="35" FOType="262145" ConnectionRefId="38"/></Interface><GraphLayout XPos="-78" YPos="-118" IsExpanded="1" IsDeactivated="0"/></Device><Device ID="39" Name="KJLTVR311390R01RA-1KA1" ObjID="188" IP="172.26.31.192" DeviceTypeRefId="40" MLFB="55254" IsSharedDevice="1" PrimaryAssignment="1" RTClass3Type="RT" SupportRTClass3="1" Station="KJLTVR311390R01RS--KUX" DeviceID="19857697" SubsystemID="100" DeviceNo="192" FWVersion="4" Type="MVK-MPNIO PP galv.Tr." SubnetRefId="3" PNControllerRefId="4"><Interface ID="41" Name="KJLTVR311390R01RA-1KA1" ObjID="189" InterfaceTypeRefId="42" SlotNr="0"><Port ID="43" ObjID="191" Name="Port 1 (X1 P1)" SlotNr="1" IsRingCapable="1" PortTypeRefId="44" FOType="262145" ConnectionRefId="45" IsPortAssigned="1"/><Port ID="46" ObjID="190" Name="Port 2 (X1 P2)" SlotNr="2" IsRingCapable="1" PortTypeRefId="44" FOType="262145" IsPortAssigned="1" ConnectionRefId="53"/></Interface><GraphLayout XPos="83" YPos="-118" IsExpanded="1" IsDeactivated="0"/></Device><Device ID="47" Name="KJLTVR311390R01RA-3KA1" ObjID="149" IP="172.26.31.193" DeviceTypeRefId="48" MLFB="EX245" RTClass3Type="RT" SupportRTClass3="1" Station="KJLTVR311390R01RS--KUX" DeviceID="8585223" SubsystemID="100" DeviceNo="193" Type="SMC EX245" SubnetRefId="3" PNControllerRefId="4"><Interface ID="49" Name="KJLTVR311390R01RA-3KA1" ObjID="150" InterfaceTypeRefId="50" SlotNr="0"><Port ID="51" ObjID="152" Name="Port 1 - FO (X1 P1 R)" SlotNr="1" IsRingCapable="1" PortTypeRefId="52" FOType="262145" ConnectionRefId="53"/><Port ID="54" ObjID="151" Name="Port 2 - FO (X1 P2 R)" SlotNr="2" IsRingCapable="1" PortTypeRefId="52" FOType="262145" ConnectionRefId="61"/></Interface><GraphLayout XPos="166" YPos="-118" IsExpanded="1" IsDeactivated="0"/></Device><Device ID="55" Name="KJLTVR311390R01G--1KA1" ObjID="172" IP="172.26.31.195" DeviceTypeRefId="56" MLFB="EX245" RTClass3Type="RT" SupportRTClass3="1" Station="KJLTVR311390R01RS--KUX" DeviceID="8585302" SubsystemID="100" DeviceNo="195" Type="SMC EX245" SubnetRefId="3" PNControllerRefId="4"><Interface ID="57" Name="KJLTVR311390R01G--1KA1" ObjID="173" InterfaceTypeRefId="58" SlotNr="0"><Port ID="59" ObjID="175" Name="Port 1 - SC-RJ 100MBd FD (X1 P1 R)" SlotNr="1" IsRingCapable="1" PortTypeRefId="60" FOType="262145" ConnectionRefId="61"/><Port ID="62" ObjID="176" Name="Port 2 - SC-RJ 100MBd FD (X1 P2 R)" SlotNr="2" IsRingCapable="1" PortTypeRefId="60" FOType="262145"/></Interface><GraphLayout XPos="246" YPos="-118" IsExpanded="1" IsDeactivated="0"/></Device></UsedDevicesStep7><ConnectionList><Connection ID="36" PortToPortLength="50000" PortToPortDelay="300"><Comment></Comment></Connection><Connection ID="38" PortToPortLength="50000" PortToPortDelay="300"><Comment></Comment></Connection><Connection ID="45" PortToPortLength="50000" PortToPortDelay="300"><Comment></Comment></Connection><Connection ID="53" PortToPortLength="50000" PortToPortDelay="300"><Comment></Comment></Connection><Connection ID="61" PortToPortLength="50000" PortToPortDelay="300"><Comment></Comment></Connection></ConnectionList><UserSettings><GraphLayout InitialPosLeft="-197" InitialPosRight="357" InitialPosTop="-165" InitialPosBottom="231" SliderPos="41"/><WindowSettings ShowDeltaList="1" ShowCatalogList="1" InOnlineMode="1" SortedColumn="0" WndPosSize="192;33;900;672" TableFilter="0" ShowStationName="1" Unit="m" CycleInterval="m" SelectionIDs="51;"/><WallpaperList/><GroupList/><DiscoverySettings ICMPSearch="0" DNSLookup="0" ICMPSearchNoDCP="0" LLDPForwarding="1" BridgeMib="0" StartIPRange="0.0.0.0" EndIPRange="0.0.0.0"/><OptionsSettings MiniatureAndCatalogView="1" StationsAndModuleView="0" NodesListView="0"/><ColumnSettings OfflineColumns="Name;Partner;LengthOffline;Length;SignalTime;Comment;Subnet;IPAddress;" OnlineColumns="Name;State;Partner;LengthOffline;LengthOnline;Damping;Length;SignalTime;Comment;Subnet;IPAddress;"/></UserSettings></Project></TopologieFile>
