<TopologieFile Version="V5.5 + SP4 + HF9" NextFreeID="50"><WiringTypes><WiringType ID="1" Class="0" Name="Kupfer"/><WiringType ID="20" Name="Lichtwellenleiter" Class="54"/><WiringType ID="39" Name="Lichtwellenleiter" Class="5"/><WiringType ID="40" Name="Lichtwellenleiter" Class="26"/><WiringType ID="41" Name="Lichtwellenleiter" Class="1"/><WiringType ID="42" Name="Lichtwellenleiter" Class="10"/><WiringType ID="43" Name="Lichtwellenleiter" Class="18"/><WiringType ID="44" Name="Lichtwellenleiter" Class="13"/><WiringType ID="45" Name="Lichtwellenleiter" Class="46"/><WiringType ID="46" Name="Lichtwellenleiter" Class="24"/><WiringType ID="47" Name="Lichtwellenleiter" Class="99"/></WiringTypes><Project ID="2" Name="J1550R01" ProjPath="D:\Projects\Fanuc\01_Roboter\01_Projekte\J1550r01" EnvID="533" EnvType="1122305"><AvailableSubnetsStep7><Subnet ID="3" Name="Ethernet(1)"/></AvailableSubnetsStep7><AvailableDeviceTypesStep7><DeviceType ID="5" ObjType="2367626" Name="CP 1604" Webable="1"><InterfaceType ID="9" ObjType="2367628"><PortType ID="11" ObjType="2367624" WiringTypeRefId="1"/></InterfaceType></DeviceType><DeviceType ID="7" ObjType="1315651"><GraphLayout BitMapPath="PC.bmp"/><InterfaceType ID="49" ObjType="1335378"/></DeviceType><DeviceType ID="16" ObjType="1316803" Name="MVK-MPNIO-POF-IRT-V40" Webable="1"><GraphLayout BitMapPath="C:\Program Files (x86)\Siemens\Step7\S7data\Nsbmp\GSDML-012F-0121-MVK-MPNIO-POF-IRT-PP.bmp"/><InterfaceType ID="18" ObjType="1316804"><PortType ID="21" ObjType="1316846" WiringTypeRefId="20" FOTypes="4"/></InterfaceType></DeviceType><DeviceType ID="24" ObjType="1316803" Name="EX245-PN-FX" Webable="1"><GraphLayout BitMapPath="C:\Program Files (x86)\Siemens\Step7\S7data\Nsbmp\GSDML-0083-0056-EX2454N.bmp"/><InterfaceType ID="26" ObjType="1316804"><PortType ID="28" ObjType="1316846" WiringTypeRefId="20" FOTypes="4"/></InterfaceType></DeviceType><DeviceType ID="31" ObjType="1316803" Name="EX245-RP" Webable="1"><GraphLayout BitMapPath="C:\Program Files (x86)\Siemens\Step7\S7data\Nsbmp\GSDML-0083-0007-EX245.bmp"/><InterfaceType ID="33" ObjType="1316804"><PortType ID="35" ObjType="1316846" WiringTypeRefId="20" FOTypes="4"/></InterfaceType></DeviceType></AvailableDeviceTypesStep7><UsedDevicesStep7><Device ID="4" Name="KJLTVR411550R01RS--KUX(KJLTVR411550R01RS--KUX)" DiagHeader="1" ObjID="1" IP="172.26.32.200" DeviceTypeRefId="5" MLFB="6GK1160-4AA00" RTClass3Type="RT" SupportRTClass3="1" StationRefId="6" StationPos="1" Station="KJLTVR411550R01RS--KUX" DeviceID="2752515" PNControllerRefId="4" DeviceNo="0" FWVersion="V2.6" SubnetRefId="3" IsInterface="1"><Interface ID="8" Name="KJLTVR411550R01RS--KUX" ObjID="1" InterfaceTypeRefId="9"><Port ID="10" ObjID="1" Name="Port 1 (X1 P1 R)" SlotNr="1" IsRingCapable="1" PortTypeRefId="11"/><Port ID="12" ObjID="2" Name="Port 2 (X1 P2 R)" SlotNr="2" IsRingCapable="1" PortTypeRefId="11"/><Port ID="13" ObjID="3" Name="Port 3 (X1 P3)" SlotNr="3" PortTypeRefId="11"/><Port ID="14" ObjID="4" Name="Port 4 (X1 P4)" SlotNr="4" PortTypeRefId="11"/></Interface></Device><Device ID="6" ObjID="4" Name="KJLTVR411550R01RS--KUX" DeviceTypeRefId="7"><GraphLayout XPos="-150" YPos="-54" IsExpanded="1" IsDeactivated="0"/><Interface ID="48" ObjID="2" Name="Stationmanager" InterfaceTypeRefId="49" ODString="00146052, 00000002, 00000000, 00000000, 00112001, 00000215, 00000000"/></Device><Device ID="15" Name="KJLTVR411550R01RA-1KA1" ObjID="34" IP="172.26.32.202" DeviceTypeRefId="16" MLFB="55254" IsSharedDevice="1" PrimaryAssignment="1" RTClass3Type="RT" SupportRTClass3="1" Station="KJLTVR411550R01RS--KUX" DeviceID="19857697" SubsystemID="100" DeviceNo="202" FWVersion="4" Type="MVK-MPNIO PP galv.Tr." SubnetRefId="3" PNControllerRefId="4"><Interface ID="17" Name="KJLTVR411550R01RA-1KA1" ObjID="35" InterfaceTypeRefId="18" SlotNr="0"><Port ID="19" ObjID="37" Name="Port 1 (X1 P1)" SlotNr="1" IsRingCapable="1" PortTypeRefId="21" FOType="262145" IsPortAssigned="1"/><Port ID="22" ObjID="36" Name="Port 2 (X1 P2)" SlotNr="2" IsRingCapable="1" PortTypeRefId="21" FOType="262145" IsPortAssigned="1" ConnectionRefId="36"/></Interface><GraphLayout XPos="-76" YPos="-54" IsExpanded="1" IsDeactivated="0"/></Device><Device ID="23" Name="KJLTVR411550R01G--1KA1" ObjID="18" IP="172.26.32.205" DeviceTypeRefId="24" MLFB="EX245" RTClass3Type="RT" SupportRTClass3="1" Station="KJLTVR411550R01RS--KUX" DeviceID="8585302" SubsystemID="100" DeviceNo="205" Type="SMC EX245" SubnetRefId="3" PNControllerRefId="4"><Interface ID="25" Name="KJLTVR411550R01G--1KA1" ObjID="19" InterfaceTypeRefId="26" SlotNr="0"><Port ID="27" ObjID="21" Name="Port 1 - SC-RJ 100MBd FD (X1 P1 R)" SlotNr="1" IsRingCapable="1" PortTypeRefId="28" FOType="262145" ConnectionRefId="38"/><Port ID="29" ObjID="22" Name="Port 2 - SC-RJ 100MBd FD (X1 P2 R)" SlotNr="2" IsRingCapable="1" PortTypeRefId="28" FOType="262145"/></Interface><GraphLayout XPos="72" YPos="-54" IsExpanded="1" IsDeactivated="0"/></Device><Device ID="30" Name="KJLTVR411550R01RA-3KA1" ObjID="13" IP="172.26.32.203" DeviceTypeRefId="31" MLFB="EX245" RTClass3Type="RT" SupportRTClass3="1" Station="KJLTVR411550R01RS--KUX" DeviceID="8585223" SubsystemID="100" DeviceNo="203" Type="SMC EX245" SubnetRefId="3" PNControllerRefId="4"><Interface ID="32" Name="KJLTVR411550R01RA-3KA1" ObjID="14" InterfaceTypeRefId="33" SlotNr="0"><Port ID="34" ObjID="16" Name="Port 1 - FO (X1 P1 R)" SlotNr="1" IsRingCapable="1" PortTypeRefId="35" FOType="262145" ConnectionRefId="36"/><Port ID="37" ObjID="17" Name="Port 2 - FO (X1 P2 R)" SlotNr="2" IsRingCapable="1" PortTypeRefId="35" FOType="262145" ConnectionRefId="38"/></Interface><GraphLayout XPos="-2" YPos="-54" IsExpanded="1" IsDeactivated="0"/></Device></UsedDevicesStep7><ConnectionList><Connection ID="36" PortToPortLength="50000" PortToPortDelay="300"><Comment></Comment></Connection><Connection ID="38" PortToPortLength="50000" PortToPortDelay="300"><Comment></Comment></Connection></ConnectionList><UserSettings><GraphLayout InitialPosLeft="-167" InitialPosRight="167" InitialPosTop="-142" InitialPosBottom="86" SliderPos="31"/><WindowSettings ShowDeltaList="1" ShowCatalogList="1" InOnlineMode="1" SortedColumn="0" WndPosSize="64;31;900;661" TableFilter="0" ShowStationName="1" Unit="m" SelectionIDs="34;"/><WallpaperList/><GroupList/><OptionsSettings MiniatureAndCatalogView="1" StationsAndModuleView="0" NodesListView="0"/><ColumnSettings OfflineColumns="Name;Partner;LengthOffline;Length;SignalTime;Comment;Subnet;IPAddress;" OnlineColumns="Name;State;Partner;LengthOffline;LengthOnline;Damping;Length;SignalTime;Comment;Subnet;IPAddress;"/></UserSettings></Project></TopologieFile>
