<TopologieFile Version="V5.5 + SP4 + HF9" NextFreeID="66"><WiringTypes><WiringType ID="1" Class="0" Name="Kupfer"/><WiringType ID="20" Name="Lichtwellenleiter" Class="54"/><WiringType ID="55" Name="Lichtwellenleiter" Class="5"/><WiringType ID="56" Name="Lichtwellenleiter" Class="26"/><WiringType ID="57" Name="Lichtwellenleiter" Class="1"/><WiringType ID="58" Name="Lichtwellenleiter" Class="10"/><WiringType ID="59" Name="Lichtwellenleiter" Class="18"/><WiringType ID="60" Name="Lichtwellenleiter" Class="13"/><WiringType ID="61" Name="Lichtwellenleiter" Class="46"/><WiringType ID="62" Name="Lichtwellenleiter" Class="24"/><WiringType ID="63" Name="Lichtwellenleiter" Class="99"/></WiringTypes><Project ID="2" Name="J1250R01" ProjPath="D:\Projects\Fanuc\01_Roboter\01_Projekte\J1250r01" EnvID="511" EnvType="1122305"><AvailableSubnetsStep7><Subnet ID="3" Name="Ethernet(1)"/></AvailableSubnetsStep7><AvailableDeviceTypesStep7><DeviceType ID="5" ObjType="2367626" Name="CP 1604" Webable="1"><InterfaceType ID="9" ObjType="2367628"><PortType ID="11" ObjType="2367624" WiringTypeRefId="1"/></InterfaceType></DeviceType><DeviceType ID="7" ObjType="1315651"><GraphLayout BitMapPath="PC.bmp"/><InterfaceType ID="65" ObjType="1335378"/></DeviceType><DeviceType ID="16" ObjType="1316803" Name="XT581" Webable="1"><GraphLayout BitMapPath="C:\Program Files (x86)\Siemens\Step7\S7data\Nsbmp\GSDML-0083-0005-XT581.bmp"/><InterfaceType ID="18" ObjType="1316804"><PortType ID="21" ObjType="1316846" WiringTypeRefId="20" FOTypes="4"/></InterfaceType></DeviceType><DeviceType ID="24" ObjType="1316803" Name="MVK-MPNIO-POF-IRT-V40" Webable="1"><GraphLayout BitMapPath="C:\Program Files (x86)\Siemens\Step7\S7data\Nsbmp\GSDML-012F-0121-MVK-MPNIO-POF-IRT-PP.bmp"/><InterfaceType ID="26" ObjType="1316804"><PortType ID="28" ObjType="1316846" WiringTypeRefId="20" FOTypes="4"/></InterfaceType></DeviceType><DeviceType ID="31" ObjType="1316803" Name="EX245-PN-FX" Webable="1"><GraphLayout BitMapPath="C:\Program Files (x86)\Siemens\Step7\S7data\Nsbmp\GSDML-0083-0056-EX2454N.bmp"/><InterfaceType ID="33" ObjType="1316804"><PortType ID="35" ObjType="1316846" WiringTypeRefId="20" FOTypes="4"/></InterfaceType></DeviceType><DeviceType ID="39" ObjType="1316803" Name="PSS6000WeldTimer" Webable="1"><GraphLayout BitMapPath="C:\Program Files (x86)\Siemens\Step7\S7data\Nsbmp\GSDML-011F-0001-Welding_Timers.bmp"/><InterfaceType ID="41" ObjType="1316804"><PortType ID="43" ObjType="1316846" WiringTypeRefId="20" FOTypes="4"/></InterfaceType></DeviceType><DeviceType ID="47" ObjType="1316803" Name="EX245-RP" Webable="1"><GraphLayout BitMapPath="C:\Program Files (x86)\Siemens\Step7\S7data\Nsbmp\GSDML-0083-0007-EX245.bmp"/><InterfaceType ID="49" ObjType="1316804"><PortType ID="51" ObjType="1316846" WiringTypeRefId="20" FOTypes="4"/></InterfaceType></DeviceType></AvailableDeviceTypesStep7><UsedDevicesStep7><Device ID="4" Name="KJLTVR111250R01RS--KUX(KJLTVR111250R01RS--KUX)" DiagHeader="1" ObjID="1" IP="172.26.30.170" DeviceTypeRefId="5" MLFB="6GK1160-4AA00" RTClass3Type="RT" SupportRTClass3="1" StationRefId="6" StationPos="1" Station="KJLTVR111250R01RS--KUX" DeviceID="2752515" PNControllerRefId="4" DeviceNo="0" FWVersion="V2.6" SubnetRefId="3" IsInterface="1"><Interface ID="8" Name="KJLTVR111250R01RS--KUX" ObjID="1" InterfaceTypeRefId="9"><Port ID="10" ObjID="1" Name="Puerto 1 (X1 P1 R)" SlotNr="1" IsRingCapable="1" PortTypeRefId="11"/><Port ID="12" ObjID="2" Name="Puerto 2 (X1 P2 R)" SlotNr="2" IsRingCapable="1" PortTypeRefId="11"/><Port ID="13" ObjID="3" Name="Puerto 3 (X1 P3)" SlotNr="3" PortTypeRefId="11"/><Port ID="14" ObjID="4" Name="Puerto 4 (X1 P4)" SlotNr="4" PortTypeRefId="11"/></Interface></Device><Device ID="6" ObjID="1" Name="KJLTVR111250R01RS--KUX" DeviceTypeRefId="7"><GraphLayout XPos="-346" YPos="-12" IsExpanded="1" IsDeactivated="0"/><Interface ID="64" ObjID="1" Name="Administrador de estaci~" InterfaceTypeRefId="65" ODString="00146052, 00000001, 00000000, 00000000, 00112001, 000001ff, 00000000"/></Device><Device ID="15" Name="KJLTVR111250R01SZ-1KA1" ObjID="26" IP="172.26.30.175" DeviceTypeRefId="16" MLFB="XT581" RTClass3Type="RT" SupportRTClass3="1" Station="KJLTVR111250R01RS--KUX" DeviceID="8585221" SubsystemID="100" DeviceNo="175" Type="XT581" SubnetRefId="3" PNControllerRefId="4"><Interface ID="17" Name="KJLTVR111250R01SZ-1KA1" ObjID="27" InterfaceTypeRefId="18" SlotNr="0"><Port ID="19" ObjID="29" Name="Port 1 - FO (X1 P1 R)" SlotNr="1" IsRingCapable="1" PortTypeRefId="21" FOType="262145" ConnectionRefId="54"/><Port ID="22" ObjID="30" Name="Port 2 - FO (X1 P2 R)" SlotNr="2" IsRingCapable="1" PortTypeRefId="21" FOType="262145"/></Interface><GraphLayout XPos="53" YPos="-13" IsExpanded="1" IsDeactivated="0"/></Device><Device ID="23" Name="KJLTVR111250R01RA-1KA1" ObjID="52" IP="172.26.30.172" DeviceTypeRefId="24" MLFB="55254" IsSharedDevice="1" PrimaryAssignment="1" RTClass3Type="RT" SupportRTClass3="1" Station="KJLTVR111250R01RS--KUX" DeviceID="19857697" SubsystemID="100" DeviceNo="172" FWVersion="4" Type="MVK-MPNIO PP galv.Tr." SubnetRefId="3" PNControllerRefId="4"><Interface ID="25" Name="KJLTVR111250R01RA-1KA1" ObjID="53" InterfaceTypeRefId="26" SlotNr="0"><Port ID="27" ObjID="55" Name="Port 1 (X1 P1)" SlotNr="1" IsRingCapable="1" PortTypeRefId="28" FOType="262145" IsPortAssigned="1" ConnectionRefId="37"/><Port ID="29" ObjID="56" Name="Port 2 (X1 P2)" SlotNr="2" IsRingCapable="1" PortTypeRefId="28" FOType="262145" IsPortAssigned="1" ConnectionRefId="52"/></Interface><GraphLayout XPos="-112" YPos="-12" IsExpanded="1" IsDeactivated="0"/></Device><Device ID="30" Name="KJLTVR111250R01RP-1KA1" ObjID="18" IP="172.26.30.174" DeviceTypeRefId="31" MLFB="EX245" RTClass3Type="RT" SupportRTClass3="1" Station="KJLTVR111250R01RS--KUX" DeviceID="8585302" SubsystemID="100" DeviceNo="174" Type="SMC EX245" SubnetRefId="3" PNControllerRefId="4"><Interface ID="32" Name="KJLTVR111250R01RP-1KA1" ObjID="19" InterfaceTypeRefId="33" SlotNr="0"><Port ID="34" ObjID="21" Name="Port 1 - SC-RJ 100MBd FD (X1 P1 R)" SlotNr="1" IsRingCapable="1" PortTypeRefId="35" FOType="262145" ConnectionRefId="45"/><Port ID="36" ObjID="22" Name="Port 2 - SC-RJ 100MBd FD (X1 P2 R)" SlotNr="2" IsRingCapable="1" PortTypeRefId="35" FOType="262145" ConnectionRefId="37"/></Interface><GraphLayout XPos="-190" YPos="-12" IsExpanded="1" IsDeactivated="0"/></Device><Device ID="38" Name="KJLTVR111250R01SK-1KA1" ObjID="38" IP="172.26.30.177" DeviceTypeRefId="39" MLFB="PSS6000" RTClass3Type="RT" SupportRTClass3="1" Station="KJLTVR111250R01RS--KUX" DeviceID="18808833" SubsystemID="100" DeviceNo="177" FWVersion="V3.00" Type="Welding Timers" SubnetRefId="3" PNControllerRefId="4"><Interface ID="40" Name="KJLTVR111250R01SK-1KA1" ObjID="39" InterfaceTypeRefId="41" SlotNr="0"><Port ID="42" ObjID="41" Name="SC-RJ 100 MBit/s (P1 R)" SlotNr="1" IsRingCapable="1" PortTypeRefId="43" FOType="262145"/><Port ID="44" ObjID="42" Name="SC-RJ 100 MBit/s (P2 R)" SlotNr="2" IsRingCapable="1" PortTypeRefId="43" FOType="262145" ConnectionRefId="45"/></Interface><GraphLayout XPos="-268" YPos="-12" IsExpanded="1" IsDeactivated="0"/></Device><Device ID="46" Name="KJLTVR111250R01RA-3KA1" ObjID="5" IP="172.26.30.173" DeviceTypeRefId="47" MLFB="EX245" RTClass3Type="RT" SupportRTClass3="1" Station="KJLTVR111250R01RS--KUX" DeviceID="8585223" SubsystemID="100" DeviceNo="173" Type="SMC EX245" SubnetRefId="3" PNControllerRefId="4"><Interface ID="48" Name="KJLTVR111250R01RA-3KA1" ObjID="6" InterfaceTypeRefId="49" SlotNr="0"><Port ID="50" ObjID="8" Name="Port 1 - FO (X1 P1 R)" SlotNr="1" IsRingCapable="1" PortTypeRefId="51" FOType="262145" ConnectionRefId="52"/><Port ID="53" ObjID="9" Name="Port 2 - FO (X1 P2 R)" SlotNr="2" IsRingCapable="1" PortTypeRefId="51" FOType="262145" ConnectionRefId="54"/></Interface><GraphLayout XPos="-31" YPos="-13" IsExpanded="1" IsDeactivated="0"/></Device></UsedDevicesStep7><ConnectionList><Connection ID="37" PortToPortLength="50000" PortToPortDelay="300"><Comment></Comment></Connection><Connection ID="45" PortToPortLength="50000" PortToPortDelay="300"><Comment></Comment></Connection><Connection ID="52" PortToPortLength="50000" PortToPortDelay="300"><Comment></Comment></Connection><Connection ID="54" PortToPortLength="50000" PortToPortDelay="300"><Comment></Comment></Connection></ConnectionList><UserSettings><GraphLayout InitialPosLeft="-150" InitialPosRight="146" InitialPosTop="-112" InitialPosBottom="90" SliderPos="62"/><WindowSettings ShowDeltaList="1" ShowCatalogList="1" InOnlineMode="1" SortedColumn="0" WndPosSize="88;14;900;661" TableFilter="0" ShowStationName="1" Unit="m" SelectionIDs="50;"/><WallpaperList/><GroupList/><DiscoverySettings ICMPSearch="0" DNSLookup="0" ICMPSearchNoDCP="0" LLDPForwarding="1" BridgeMib="0" StartIPRange="" EndIPRange=""/><OptionsSettings MiniatureAndCatalogView="1" StationsAndModuleView="0" NodesListView="0"/><ColumnSettings OfflineColumns="Name;Partner;LengthOffline;Length;SignalTime;Comment;Subnet;IPAddress;" OnlineColumns="Name;State;Partner;LengthOffline;LengthOnline;Damping;Length;SignalTime;Comment;Subnet;IPAddress;"/></UserSettings></Project></TopologieFile>
