<TopologieFile Version="V5.5 + SP4 + HF9" NextFreeID="74"><WiringTypes><WiringType ID="1" Class="0" Name="Kupfer"/><WiringType ID="20" Name="Lichtwellenleiter" Class="54"/><WiringType ID="63" Name="Lichtwellenleiter" Class="5"/><WiringType ID="64" Name="Lichtwellenleiter" Class="26"/><WiringType ID="65" Name="Lichtwellenleiter" Class="1"/><WiringType ID="66" Name="Lichtwellenleiter" Class="10"/><WiringType ID="67" Name="Lichtwellenleiter" Class="18"/><WiringType ID="68" Name="Lichtwellenleiter" Class="13"/><WiringType ID="69" Name="Lichtwellenleiter" Class="46"/><WiringType ID="70" Name="Lichtwellenleiter" Class="24"/><WiringType ID="71" Name="Lichtwellenleiter" Class="99"/></WiringTypes><Project ID="2" Name="J1670R01" ProjPath="D:\Projects\Fanuc\01_Roboter\01_Projekte\J1670r01" EnvID="608" EnvType="1122305"><AvailableSubnetsStep7><Subnet ID="3" Name="Ethernet(1)"/></AvailableSubnetsStep7><AvailableDeviceTypesStep7><DeviceType ID="5" ObjType="2367626" Name="CP 1604" Webable="1"><InterfaceType ID="9" ObjType="2367628"><PortType ID="11" ObjType="2367624" WiringTypeRefId="1"/></InterfaceType></DeviceType><DeviceType ID="7" ObjType="1315651"><GraphLayout BitMapPath="PC.bmp"/><InterfaceType ID="73" ObjType="1335378"/></DeviceType><DeviceType ID="16" ObjType="1316803" Name="FeldBUS5N" Webable="1"><GraphLayout BitMapPath="C:\Program Files (x86)\Siemens\Step7\S7data\Nsbmp\SKS_FB5N_PN_IRT.bmp"/><InterfaceType ID="18" ObjType="1316804"><PortType ID="21" ObjType="1316846" WiringTypeRefId="20" FOTypes="4"/></InterfaceType></DeviceType><DeviceType ID="24" ObjType="1316803" Name="MVK-MPNIO-POF-IRT-V40" Webable="1"><GraphLayout BitMapPath="C:\Program Files (x86)\Siemens\Step7\S7data\Nsbmp\GSDML-012F-0121-MVK-MPNIO-POF-IRT-PP.bmp"/><InterfaceType ID="26" ObjType="1316804"><PortType ID="28" ObjType="1316846" WiringTypeRefId="20" FOTypes="4"/></InterfaceType></DeviceType><DeviceType ID="31" ObjType="1316803" Name="EX245-PN-FX" Webable="1"><GraphLayout BitMapPath="C:\Program Files (x86)\Siemens\Step7\S7data\Nsbmp\GSDML-0083-0056-EX2454N.bmp"/><InterfaceType ID="33" ObjType="1316804"><PortType ID="35" ObjType="1316846" WiringTypeRefId="20" FOTypes="4"/></InterfaceType></DeviceType><DeviceType ID="39" ObjType="1316803" Name="MVK-MPNIO-POF-IRT-V40" Webable="1"><GraphLayout BitMapPath="C:\Program Files (x86)\Siemens\Step7\S7data\Nsbmp\GSDML-012F-0121-MVK-MPNIO-POF-IRT-PP.bmp"/><InterfaceType ID="41" ObjType="1316804"><PortType ID="43" ObjType="1316846" WiringTypeRefId="20" FOTypes="4"/></InterfaceType></DeviceType><DeviceType ID="48" ObjType="1316803" Name="EX245-RP" Webable="1"><GraphLayout BitMapPath="C:\Program Files (x86)\Siemens\Step7\S7data\Nsbmp\GSDML-0083-0007-EX245.bmp"/><InterfaceType ID="50" ObjType="1316804"><PortType ID="52" ObjType="1316846" WiringTypeRefId="20" FOTypes="4"/></InterfaceType></DeviceType><DeviceType ID="56" ObjType="1316803" Name="EX245-PN-FX" Webable="1"><GraphLayout BitMapPath="C:\Program Files (x86)\Siemens\Step7\S7data\Nsbmp\GSDML-0083-0056-EX2454N.bmp"/><InterfaceType ID="58" ObjType="1316804"><PortType ID="60" ObjType="1316846" WiringTypeRefId="20" FOTypes="4"/></InterfaceType></DeviceType></AvailableDeviceTypesStep7><UsedDevicesStep7><Device ID="4" Name="KJLTVR411670R01RS--KUX(KJLTVR411670R01RS--KUX)" DiagHeader="1" ObjID="1" IP="172.26.32.160" DeviceTypeRefId="5" MLFB="6GK1160-4AA00" RTClass3Type="RT" SupportRTClass3="1" StationRefId="6" StationPos="1" Station="KJLTVR411670R01RS--KUX" DeviceID="2752515" PNControllerRefId="4" DeviceNo="0" FWVersion="V2.6" SubnetRefId="3" IsInterface="1"><Interface ID="8" Name="KJLTVR411670R01RS--KUX" ObjID="1" InterfaceTypeRefId="9"><Port ID="10" ObjID="1" Name="Port 1 (X1 P1 R)" SlotNr="1" IsRingCapable="1" PortTypeRefId="11"/><Port ID="12" ObjID="2" Name="Port 2 (X1 P2 R)" SlotNr="2" IsRingCapable="1" PortTypeRefId="11"/><Port ID="13" ObjID="3" Name="Port 3 (X1 P3)" SlotNr="3" PortTypeRefId="11"/><Port ID="14" ObjID="4" Name="Port 4 (X1 P4)" SlotNr="4" PortTypeRefId="11"/></Interface></Device><Device ID="6" ObjID="7" Name="KJLTVR411670R01RS--KUX" DeviceTypeRefId="7"><GraphLayout XPos="-288" YPos="-58" IsExpanded="1" IsDeactivated="0"/><Interface ID="72" ObjID="3" Name="Stationmanager" InterfaceTypeRefId="73" ODString="00146052, 00000003, 00000000, 00000000, 00112001, 00000260, 00000000"/></Device><Device ID="15" Name="KJLTVR411670R01MS-1KA1" ObjID="33" IP="172.26.32.166" DeviceTypeRefId="16" MLFB="FeldBUS5NPROFINET" RTClass3Type="RT" SupportRTClass3="1" Station="KJLTVR411670R01RS--KUX" DeviceID="31719559" SubsystemID="100" DeviceNo="166" FWVersion="V3.02" Type="FB5N PN IRT" SubnetRefId="3" PNControllerRefId="4"><Interface ID="17" Name="KJLTVR411670R01MS-1KA1" ObjID="34" InterfaceTypeRefId="18" SlotNr="0"><Port ID="19" ObjID="36" Name="SC-RJ 100 MBit/s (P1)" SlotNr="1" PortTypeRefId="21" FOType="262145" ConnectionRefId="37"/><Port ID="22" ObjID="37" Name="SC-RJ 100 MBit/s (P2)" SlotNr="2" PortTypeRefId="21" FOType="262145" ConnectionRefId="44"/></Interface><GraphLayout XPos="-138" YPos="-58" IsExpanded="1" IsDeactivated="0"/></Device><Device ID="23" Name="KJLTVR411670R01RA-1KA1" ObjID="70" IP="172.26.32.162" DeviceTypeRefId="24" MLFB="55254" IsSharedDevice="1" PrimaryAssignment="1" RTClass3Type="RT" SupportRTClass3="1" Station="KJLTVR411670R01RS--KUX" DeviceID="19857697" SubsystemID="100" DeviceNo="162" FWVersion="4" Type="MVK-MPNIO PP galv.Tr." SubnetRefId="3" PNControllerRefId="4"><Interface ID="25" Name="KJLTVR411670R01RA-1KA1" ObjID="71" InterfaceTypeRefId="26" SlotNr="0"><Port ID="27" ObjID="73" Name="Port 1 (X1 P1)" SlotNr="1" IsRingCapable="1" PortTypeRefId="28" FOType="262145" IsPortAssigned="1" ConnectionRefId="46"/><Port ID="29" ObjID="72" Name="Port 2 (X1 P2)" SlotNr="2" IsRingCapable="1" PortTypeRefId="28" FOType="262145" IsPortAssigned="1" ConnectionRefId="53"/></Interface><GraphLayout XPos="11" YPos="-58" IsExpanded="1" IsDeactivated="0"/></Device><Device ID="30" Name="KJLTVR411670R01RP-1KA1" ObjID="5" IP="172.26.32.164" DeviceTypeRefId="31" MLFB="EX245" RTClass3Type="RT" SupportRTClass3="1" Station="KJLTVR411670R01RS--KUX" DeviceID="8585302" SubsystemID="100" DeviceNo="164" Type="SMC EX245" SubnetRefId="3" PNControllerRefId="4"><Interface ID="32" Name="KJLTVR411670R01RP-1KA1" ObjID="6" InterfaceTypeRefId="33" SlotNr="0"><Port ID="34" ObjID="8" Name="Port 1 - SC-RJ 100MBd FD (X1 P1 R)" SlotNr="1" IsRingCapable="1" PortTypeRefId="35" FOType="262145"/><Port ID="36" ObjID="9" Name="Port 2 - SC-RJ 100MBd FD (X1 P2 R)" SlotNr="2" IsRingCapable="1" PortTypeRefId="35" FOType="262145" ConnectionRefId="37"/></Interface><GraphLayout XPos="-213" YPos="-58" IsExpanded="1" IsDeactivated="0"/></Device><Device ID="38" Name="KJLTVR411670R01RA-7KA1" ObjID="78" IP="172.26.32.167" DeviceTypeRefId="39" MLFB="55254" IsSharedDevice="1" PrimaryAssignment="1" RTClass3Type="RT" SupportRTClass3="1" Station="KJLTVR411670R01RS--KUX" DeviceID="19857697" SubsystemID="100" DeviceNo="167" FWVersion="4" Type="MVK-MPNIO PP galv.Tr." SubnetRefId="3" PNControllerRefId="4"><Interface ID="40" Name="KJLTVR411670R01RA-7KA1" ObjID="79" InterfaceTypeRefId="41" SlotNr="0"><Port ID="42" ObjID="81" Name="Port 1 (X1 P1)" SlotNr="1" IsRingCapable="1" PortTypeRefId="43" FOType="262145" ConnectionRefId="44" IsPortAssigned="1"/><Port ID="45" ObjID="80" Name="Port 2 (X1 P2)" SlotNr="2" IsRingCapable="1" PortTypeRefId="43" FOType="262145" ConnectionRefId="46" IsPortAssigned="1"/></Interface><GraphLayout XPos="-63" YPos="-58" IsExpanded="1" IsDeactivated="0"/></Device><Device ID="47" Name="KJLTVR411670R01RA-3KA1" ObjID="20" IP="172.26.32.163" DeviceTypeRefId="48" MLFB="EX245" RTClass3Type="RT" SupportRTClass3="1" Station="KJLTVR411670R01RS--KUX" DeviceID="8585223" SubsystemID="100" DeviceNo="163" Type="SMC EX245" SubnetRefId="3" PNControllerRefId="4"><Interface ID="49" Name="KJLTVR411670R01RA-3KA1" ObjID="21" InterfaceTypeRefId="50" SlotNr="0"><Port ID="51" ObjID="23" Name="Port 1 - FO (X1 P1 R)" SlotNr="1" IsRingCapable="1" PortTypeRefId="52" FOType="262145" ConnectionRefId="53"/><Port ID="54" ObjID="24" Name="Port 2 - FO (X1 P2 R)" SlotNr="2" IsRingCapable="1" PortTypeRefId="52" FOType="262145" ConnectionRefId="61"/></Interface><GraphLayout XPos="86" YPos="-58" IsExpanded="1" IsDeactivated="0"/></Device><Device ID="55" Name="KJLTVR411670R01G--1KA1" ObjID="25" IP="172.26.32.165" DeviceTypeRefId="56" MLFB="EX245" RTClass3Type="RT" SupportRTClass3="1" Station="KJLTVR411670R01RS--KUX" DeviceID="8585302" SubsystemID="100" DeviceNo="165" Type="SMC EX245" SubnetRefId="3" PNControllerRefId="4"><Interface ID="57" Name="KJLTVR411670R01G--1KA1" ObjID="26" InterfaceTypeRefId="58" SlotNr="0"><Port ID="59" ObjID="28" Name="Port 1 - SC-RJ 100MBd FD (X1 P1 R)" SlotNr="1" IsRingCapable="1" PortTypeRefId="60" FOType="262145" ConnectionRefId="61"/><Port ID="62" ObjID="29" Name="Port 2 - SC-RJ 100MBd FD (X1 P2 R)" SlotNr="2" IsRingCapable="1" PortTypeRefId="60" FOType="262145"/></Interface><GraphLayout XPos="161" YPos="-58" IsExpanded="1" IsDeactivated="0"/></Device></UsedDevicesStep7><ConnectionList><Connection ID="37" PortToPortLength="50000" PortToPortDelay="300"><Comment></Comment></Connection><Connection ID="44" PortToPortLength="50000" PortToPortDelay="300"><Comment></Comment></Connection><Connection ID="46" PortToPortLength="50000" PortToPortDelay="300"><Comment></Comment></Connection><Connection ID="53" PortToPortLength="50000" PortToPortDelay="300"><Comment></Comment></Connection><Connection ID="61" PortToPortLength="50000" PortToPortDelay="300"><Comment></Comment></Connection></ConnectionList><UserSettings><GraphLayout InitialPosLeft="-312" InitialPosRight="248" InitialPosTop="-237" InitialPosBottom="145" SliderPos="35"/><WindowSettings ShowDeltaList="1" ShowCatalogList="1" InOnlineMode="1" SortedColumn="0" WndPosSize="55;20;900;661" TableFilter="0" ShowStationName="1" Unit="m" SelectionIDs="51;"/><WallpaperList/><GroupList/><OptionsSettings MiniatureAndCatalogView="1" StationsAndModuleView="0" NodesListView="0"/><ColumnSettings OfflineColumns="Name;Partner;LengthOffline;Length;SignalTime;Comment;Subnet;IPAddress;" OnlineColumns="Name;State;Partner;LengthOffline;LengthOnline;Damping;Length;SignalTime;Comment;Subnet;IPAddress;"/></UserSettings></Project></TopologieFile>
