<TopologieFile Version="V5.5 + SP4 + HF9" NextFreeID="98"><WiringTypes><WiringType ID="1" Class="0" Name="Kupfer"/><WiringType ID="20" Name="Lichtwellenleiter" Class="54"/><WiringType ID="87" Name="Lichtwellenleiter" Class="5"/><WiringType ID="88" Name="Lichtwellenleiter" Class="26"/><WiringType ID="89" Name="Lichtwellenleiter" Class="1"/><WiringType ID="90" Name="Lichtwellenleiter" Class="10"/><WiringType ID="91" Name="Lichtwellenleiter" Class="18"/><WiringType ID="92" Name="Lichtwellenleiter" Class="13"/><WiringType ID="93" Name="Lichtwellenleiter" Class="46"/><WiringType ID="94" Name="Lichtwellenleiter" Class="24"/><WiringType ID="95" Name="Lichtwellenleiter" Class="99"/></WiringTypes><Project ID="2" Name="J1120R01" ProjPath="D:\Projects\Fanuc\01_Roboter\01_Projekte\J1120r01" EnvID="506" EnvType="1122305"><AvailableSubnetsStep7><Subnet ID="3" Name="Ethernet(1)"/></AvailableSubnetsStep7><AvailableDeviceTypesStep7><DeviceType ID="5" ObjType="2367626" Name="CP 1604" Webable="1"><InterfaceType ID="9" ObjType="2367628"><PortType ID="11" ObjType="2367624" WiringTypeRefId="1"/></InterfaceType></DeviceType><DeviceType ID="7" ObjType="1315651"><GraphLayout BitMapPath="PC.bmp"/><InterfaceType ID="97" ObjType="1335378"/></DeviceType><DeviceType ID="16" ObjType="1316803" Name="XT581" Webable="1"><GraphLayout BitMapPath="C:\Program Files (x86)\Siemens\Step7\S7data\Nsbmp\GSDML-0083-0005-XT581.bmp"/><InterfaceType ID="18" ObjType="1316804"><PortType ID="21" ObjType="1316846" WiringTypeRefId="20" FOTypes="4"/></InterfaceType></DeviceType><DeviceType ID="24" ObjType="1316803" Name="MVK-MPNIO-POF-IRT-V40" Webable="1"><GraphLayout BitMapPath="C:\Program Files (x86)\Siemens\Step7\S7data\Nsbmp\GSDML-012F-0121-MVK-MPNIO-POF-IRT-PP.bmp"/><InterfaceType ID="26" ObjType="1316804"><PortType ID="28" ObjType="1316846" WiringTypeRefId="20" FOTypes="4"/></InterfaceType></DeviceType><DeviceType ID="31" ObjType="1316803" Name="EX245-PN-FX" Webable="1"><GraphLayout BitMapPath="C:\Program Files (x86)\Siemens\Step7\S7data\Nsbmp\GSDML-0083-0056-EX2454N.bmp"/><InterfaceType ID="33" ObjType="1316804"><PortType ID="35" ObjType="1316846" WiringTypeRefId="20" FOTypes="4"/></InterfaceType></DeviceType><DeviceType ID="39" ObjType="1316803" Name="EX245-PN-FX" Webable="1"><GraphLayout BitMapPath="C:\Program Files (x86)\Siemens\Step7\S7data\Nsbmp\GSDML-0083-0056-EX2454N.bmp"/><InterfaceType ID="41" ObjType="1316804"><PortType ID="43" ObjType="1316846" WiringTypeRefId="20" FOTypes="4"/></InterfaceType></DeviceType><DeviceType ID="46" ObjType="1316803" Name="EX245-RP" Webable="1"><GraphLayout BitMapPath="C:\Program Files (x86)\Siemens\Step7\S7data\Nsbmp\GSDML-0083-0007-EX245.bmp"/><InterfaceType ID="48" ObjType="1316804"><PortType ID="50" ObjType="1316846" WiringTypeRefId="20" FOTypes="4"/></InterfaceType></DeviceType><DeviceType ID="54" ObjType="1316803" Name="PSS6000WeldTimer" Webable="1"><GraphLayout BitMapPath="C:\Program Files (x86)\Siemens\Step7\S7data\Nsbmp\GSDML-011F-0001-Welding_Timers.bmp"/><InterfaceType ID="56" ObjType="1316804"><PortType ID="58" ObjType="1316846" WiringTypeRefId="20" FOTypes="4"/></InterfaceType></DeviceType><DeviceType ID="61" ObjType="1316803" Name="PSS6000WeldTimer" Webable="1"><GraphLayout BitMapPath="C:\Program Files (x86)\Siemens\Step7\S7data\Nsbmp\GSDML-011F-0001-Welding_Timers.bmp"/><InterfaceType ID="63" ObjType="1316804"><PortType ID="65" ObjType="1316846" WiringTypeRefId="20" FOTypes="4"/></InterfaceType></DeviceType><DeviceType ID="70" ObjType="1316803" Name="EX245-PN-FX" Webable="1"><GraphLayout BitMapPath="C:\Program Files (x86)\Siemens\Step7\S7data\Nsbmp\GSDML-0083-0056-EX2454N.bmp"/><InterfaceType ID="72" ObjType="1316804"><PortType ID="74" ObjType="1316846" WiringTypeRefId="20" FOTypes="4"/></InterfaceType></DeviceType><DeviceType ID="79" ObjType="1316803" Name="XT581" Webable="1"><GraphLayout BitMapPath="C:\Program Files (x86)\Siemens\Step7\S7data\Nsbmp\GSDML-0083-0005-XT581.bmp"/><InterfaceType ID="81" ObjType="1316804"><PortType ID="83" ObjType="1316846" WiringTypeRefId="20" FOTypes="4"/></InterfaceType></DeviceType></AvailableDeviceTypesStep7><UsedDevicesStep7><Device ID="4" Name="KJLTVR111120R01RS--KUX(KJLTVR111120R01RS--KUX)" DiagHeader="1" ObjID="1" IP="172.26.30.220" DeviceTypeRefId="5" MLFB="6GK1160-4AA00" RTClass3Type="RT" SupportRTClass3="1" StationRefId="6" StationPos="1" Station="KJLTVR111120R01RS--KUX" DeviceID="2752515" PNControllerRefId="4" DeviceNo="0" FWVersion="V2.6" SubnetRefId="3" IsInterface="1"><Interface ID="8" Name="KJLTVR111120R01RS--KUX" ObjID="1" InterfaceTypeRefId="9"><Port ID="10" ObjID="1" Name="Puerto 1 (X1 P1 R)" SlotNr="1" IsRingCapable="1" PortTypeRefId="11"/><Port ID="12" ObjID="2" Name="Puerto 2 (X1 P2 R)" SlotNr="2" IsRingCapable="1" PortTypeRefId="11"/><Port ID="13" ObjID="3" Name="Puerto 3 (X1 P3)" SlotNr="3" PortTypeRefId="11"/><Port ID="14" ObjID="4" Name="Puerto 4 (X1 P4)" SlotNr="4" PortTypeRefId="11"/></Interface></Device><Device ID="6" ObjID="1" Name="KJLTVR111120R01RS--KUX" DeviceTypeRefId="7"><GraphLayout XPos="-319" YPos="-37" IsExpanded="1" IsDeactivated="0"/><Interface ID="96" ObjID="1" Name="Administrador de estaci~" InterfaceTypeRefId="97" ODString="00146052, 00000001, 00000000, 00000000, 00112001, 000001fa, 00000000"/></Device><Device ID="15" Name="KJLTVR111120R01SZ-2KA1" ObjID="46" IP="172.26.30.228" DeviceTypeRefId="16" MLFB="XT581" RTClass3Type="RT" SupportRTClass3="1" Station="KJLTVR111120R01RS--KUX" DeviceID="8585221" SubsystemID="100" DeviceNo="228" Type="XT581" SubnetRefId="3" PNControllerRefId="4"><Interface ID="17" Name="KJLTVR111120R01SZ-2KA1" ObjID="47" InterfaceTypeRefId="18" SlotNr="0"><Port ID="19" ObjID="49" Name="Port 1 - FO (X1 P1 R)" SlotNr="1" IsRingCapable="1" PortTypeRefId="21" FOType="262145" ConnectionRefId="68"/><Port ID="22" ObjID="48" Name="Port 2 - FO (X1 P2 R)" SlotNr="2" IsRingCapable="1" PortTypeRefId="21" FOType="262145" ConnectionRefId="75"/></Interface><GraphLayout XPos="-86" YPos="-37" IsExpanded="1" IsDeactivated="0"/></Device><Device ID="23" Name="KJLTVR111120R01RA-1KA1" ObjID="111" IP="172.26.30.222" DeviceTypeRefId="24" MLFB="55254" IsSharedDevice="1" PrimaryAssignment="1" RTClass3Type="RT" SupportRTClass3="1" Station="KJLTVR111120R01RS--KUX" DeviceID="19857697" SubsystemID="100" DeviceNo="222" FWVersion="4" Type="MVK-MPNIO PP galv.Tr." SubnetRefId="3" PNControllerRefId="4"><Interface ID="25" Name="KJLTVR111120R01RA-1KA1" ObjID="112" InterfaceTypeRefId="26" SlotNr="0"><Port ID="27" ObjID="114" Name="Port 1 (X1 P1)" SlotNr="1" IsRingCapable="1" PortTypeRefId="28" FOType="262145" IsPortAssigned="1" ConnectionRefId="37"/><Port ID="29" ObjID="113" Name="Port 2 (X1 P2)" SlotNr="2" IsRingCapable="1" PortTypeRefId="28" FOType="262145" IsPortAssigned="1" ConnectionRefId="51"/></Interface><GraphLayout XPos="148" YPos="-39" IsExpanded="1" IsDeactivated="0"/></Device><Device ID="30" Name="KJLTVR111120R01RP-1KA1" ObjID="18" IP="172.26.30.224" DeviceTypeRefId="31" MLFB="EX245" RTClass3Type="RT" SupportRTClass3="1" Station="KJLTVR111120R01RS--KUX" DeviceID="8585302" SubsystemID="100" DeviceNo="224" Type="SMC EX245" SubnetRefId="3" PNControllerRefId="4"><Interface ID="32" Name="KJLTVR111120R01RP-1KA1" ObjID="19" InterfaceTypeRefId="33" SlotNr="0"><Port ID="34" ObjID="21" Name="Port 1 - SC-RJ 100MBd FD (X1 P1 R)" SlotNr="1" IsRingCapable="1" PortTypeRefId="35" FOType="262145" ConnectionRefId="77"/><Port ID="36" ObjID="22" Name="Port 2 - SC-RJ 100MBd FD (X1 P2 R)" SlotNr="2" IsRingCapable="1" PortTypeRefId="35" FOType="262145" ConnectionRefId="37"/></Interface><GraphLayout XPos="70" YPos="-38" IsExpanded="1" IsDeactivated="0"/></Device><Device ID="38" Name="KJLTVR111120R01G--1KA1" ObjID="60" IP="172.26.30.226" DeviceTypeRefId="39" MLFB="EX245" RTClass3Type="RT" SupportRTClass3="1" Station="KJLTVR111120R01RS--KUX" DeviceID="8585302" SubsystemID="100" DeviceNo="226" Type="SMC EX245" SubnetRefId="3" PNControllerRefId="4"><Interface ID="40" Name="KJLTVR111120R01G--1KA1" ObjID="61" InterfaceTypeRefId="41" SlotNr="0"><Port ID="42" ObjID="63" Name="Port 1 - SC-RJ 100MBd FD (X1 P1 R)" SlotNr="1" IsRingCapable="1" PortTypeRefId="43" FOType="262145" ConnectionRefId="86"/><Port ID="44" ObjID="64" Name="Port 2 - SC-RJ 100MBd FD (X1 P2 R)" SlotNr="2" IsRingCapable="1" PortTypeRefId="43" FOType="262145"/></Interface><GraphLayout XPos="385" YPos="-39" IsExpanded="1" IsDeactivated="0"/></Device><Device ID="45" Name="KJLTVR111120R01RA-3KA1" ObjID="5" IP="172.26.30.223" DeviceTypeRefId="46" MLFB="EX245" RTClass3Type="RT" SupportRTClass3="1" Station="KJLTVR111120R01RS--KUX" DeviceID="8585223" SubsystemID="100" DeviceNo="223" Type="SMC EX245" SubnetRefId="3" PNControllerRefId="4"><Interface ID="47" Name="KJLTVR111120R01RA-3KA1" ObjID="6" InterfaceTypeRefId="48" SlotNr="0"><Port ID="49" ObjID="8" Name="Port 1 - FO (X1 P1 R)" SlotNr="1" IsRingCapable="1" PortTypeRefId="50" FOType="262145" ConnectionRefId="51"/><Port ID="52" ObjID="9" Name="Port 2 - FO (X1 P2 R)" SlotNr="2" IsRingCapable="1" PortTypeRefId="50" FOType="262145" ConnectionRefId="84"/></Interface><GraphLayout XPos="227" YPos="-39" IsExpanded="1" IsDeactivated="0"/></Device><Device ID="53" Name="KJLTVR111120R01SK-1KA1" ObjID="68" IP="172.26.30.229" DeviceTypeRefId="54" MLFB="PSS6000" RTClass3Type="RT" SupportRTClass3="1" Station="KJLTVR111120R01RS--KUX" DeviceID="18808833" SubsystemID="100" DeviceNo="229" FWVersion="V3.00" Type="Welding Timers" SubnetRefId="3" PNControllerRefId="4"><Interface ID="55" Name="KJLTVR111120R01SK-1KA1" ObjID="69" InterfaceTypeRefId="56" SlotNr="0"><Port ID="57" ObjID="71" Name="SC-RJ 100 MBit/s (P1 R)" SlotNr="1" IsRingCapable="1" PortTypeRefId="58" FOType="262145"/><Port ID="59" ObjID="70" Name="SC-RJ 100 MBit/s (P2 R)" SlotNr="2" IsRingCapable="1" PortTypeRefId="58" FOType="262145" ConnectionRefId="66"/></Interface><GraphLayout XPos="-242" YPos="-37" IsExpanded="1" IsDeactivated="0"/></Device><Device ID="60" Name="KJLTVR111120R01SK-2KA1" ObjID="83" IP="172.26.30.219" DeviceTypeRefId="61" MLFB="PSS6000" RTClass3Type="RT" SupportRTClass3="1" Station="KJLTVR111120R01RS--KUX" DeviceID="18808833" SubsystemID="100" DeviceNo="219" FWVersion="V3.00" Type="Welding Timers" SubnetRefId="3" PNControllerRefId="4"><Interface ID="62" Name="KJLTVR111120R01SK-2KA1" ObjID="84" InterfaceTypeRefId="63" SlotNr="0"><Port ID="64" ObjID="86" Name="SC-RJ 100 MBit/s (P1 R)" SlotNr="1" IsRingCapable="1" PortTypeRefId="65" FOType="262145" ConnectionRefId="66"/><Port ID="67" ObjID="87" Name="SC-RJ 100 MBit/s (P2 R)" SlotNr="2" IsRingCapable="1" PortTypeRefId="65" FOType="262145" ConnectionRefId="68"/></Interface><GraphLayout XPos="-164" YPos="-37" IsExpanded="1" IsDeactivated="0"/></Device><Device ID="69" Name="KJLTVR111120R01RP-2KA1" ObjID="89" IP="172.26.30.225" DeviceTypeRefId="70" MLFB="EX245" RTClass3Type="RT" SupportRTClass3="1" Station="KJLTVR111120R01RS--KUX" DeviceID="8585302" SubsystemID="100" DeviceNo="225" Type="SMC EX245" SubnetRefId="3" PNControllerRefId="4"><Interface ID="71" Name="KJLTVR111120R01RP-2KA1" ObjID="90" InterfaceTypeRefId="72" SlotNr="0"><Port ID="73" ObjID="92" Name="Port 1 - SC-RJ 100MBd FD (X1 P1 R)" SlotNr="1" IsRingCapable="1" PortTypeRefId="74" FOType="262145" ConnectionRefId="75"/><Port ID="76" ObjID="91" Name="Port 2 - SC-RJ 100MBd FD (X1 P2 R)" SlotNr="2" IsRingCapable="1" PortTypeRefId="74" FOType="262145" ConnectionRefId="77"/></Interface><GraphLayout XPos="-11" YPos="-36" IsExpanded="1" IsDeactivated="0"/></Device><Device ID="78" Name="KJLTVR111120R01SZ-1KA1" ObjID="97" IP="172.26.30.227" DeviceTypeRefId="79" MLFB="XT581" RTClass3Type="RT" SupportRTClass3="1" Station="KJLTVR111120R01RS--KUX" DeviceID="8585221" SubsystemID="100" DeviceNo="227" Type="XT581" SubnetRefId="3" PNControllerRefId="4"><Interface ID="80" Name="KJLTVR111120R01SZ-1KA1" ObjID="98" InterfaceTypeRefId="81" SlotNr="0"><Port ID="82" ObjID="100" Name="Port 1 - FO (X1 P1 R)" SlotNr="1" IsRingCapable="1" PortTypeRefId="83" FOType="262145" ConnectionRefId="84"/><Port ID="85" ObjID="101" Name="Port 2 - FO (X1 P2 R)" SlotNr="2" IsRingCapable="1" PortTypeRefId="83" FOType="262145" ConnectionRefId="86"/></Interface><GraphLayout XPos="304" YPos="-38" IsExpanded="1" IsDeactivated="0"/></Device></UsedDevicesStep7><ConnectionList><Connection ID="37" PortToPortLength="50000" PortToPortDelay="300"><Comment></Comment></Connection><Connection ID="51" PortToPortLength="50000" PortToPortDelay="300"><Comment></Comment></Connection><Connection ID="66" PortToPortLength="50000" PortToPortDelay="300"><Comment></Comment></Connection><Connection ID="68" PortToPortLength="50000" PortToPortDelay="300"><Comment></Comment></Connection><Connection ID="75" PortToPortLength="50000" PortToPortDelay="300"><Comment></Comment></Connection><Connection ID="77" PortToPortLength="50000" PortToPortDelay="300"><Comment></Comment></Connection><Connection ID="84" PortToPortLength="50000" PortToPortDelay="300"><Comment></Comment></Connection><Connection ID="86" PortToPortLength="50000" PortToPortDelay="300"><Comment></Comment></Connection></ConnectionList><UserSettings><GraphLayout InitialPosLeft="187" InitialPosRight="547" InitialPosTop="-168" InitialPosBottom="78" SliderPos="71"/><WindowSettings ShowDeltaList="1" ShowCatalogList="1" InOnlineMode="1" SortedColumn="0" WndPosSize="64;31;900;661" TableFilter="0" ShowStationName="1" Unit="m" SelectionIDs="49;"/><WallpaperList/><GroupList/><DiscoverySettings ICMPSearch="0" DNSLookup="0" ICMPSearchNoDCP="0" LLDPForwarding="1" BridgeMib="0" StartIPRange="" EndIPRange=""/><OptionsSettings MiniatureAndCatalogView="1" StationsAndModuleView="0" NodesListView="0"/><ColumnSettings OfflineColumns="Name;Partner;LengthOffline;Length;SignalTime;Comment;Subnet;IPAddress;" OnlineColumns="Name;State;Partner;LengthOffline;LengthOnline;Damping;Length;SignalTime;Comment;Subnet;IPAddress;"/></UserSettings></Project></TopologieFile>
