<TopologieFile Version="V5.5 + SP4 + HF9" NextFreeID="82"><WiringTypes><WiringType ID="1" Class="0" Name="Kupfer"/><WiringType ID="20" Name="Lichtwellenleiter" Class="54"/><WiringType ID="71" Name="Lichtwellenleiter" Class="5"/><WiringType ID="72" Name="Lichtwellenleiter" Class="26"/><WiringType ID="73" Name="Lichtwellenleiter" Class="1"/><WiringType ID="74" Name="Lichtwellenleiter" Class="10"/><WiringType ID="75" Name="Lichtwellenleiter" Class="18"/><WiringType ID="76" Name="Lichtwellenleiter" Class="13"/><WiringType ID="77" Name="Lichtwellenleiter" Class="46"/><WiringType ID="78" Name="Lichtwellenleiter" Class="24"/><WiringType ID="79" Name="Lichtwellenleiter" Class="99"/></WiringTypes><Project ID="2" Name="J1630R01" ProjPath="D:\Projects\Fanuc\01_Roboter\01_Projekte\J1630r01" EnvID="615" EnvType="1122305"><AvailableSubnetsStep7><Subnet ID="3" Name="Ethernet(1)"/></AvailableSubnetsStep7><AvailableDeviceTypesStep7><DeviceType ID="5" ObjType="2367626" Name="CP 1604" Webable="1"><InterfaceType ID="9" ObjType="2367628"><PortType ID="11" ObjType="2367624" WiringTypeRefId="1"/></InterfaceType></DeviceType><DeviceType ID="7" ObjType="1315651"><GraphLayout BitMapPath="PC.bmp"/><InterfaceType ID="81" ObjType="1335378"/></DeviceType><DeviceType ID="16" ObjType="1316803" Name="XT581" Webable="1"><GraphLayout BitMapPath="C:\Program Files (x86)\Siemens\Step7\S7data\Nsbmp\GSDML-0083-0005-XT581.bmp"/><InterfaceType ID="18" ObjType="1316804"><PortType ID="21" ObjType="1316846" WiringTypeRefId="20" FOTypes="4"/></InterfaceType></DeviceType><DeviceType ID="24" ObjType="1316803" Name="EX245-PN-FX" Webable="1"><GraphLayout BitMapPath="C:\Program Files (x86)\Siemens\Step7\S7data\Nsbmp\GSDML-0083-0056-EX2454N.bmp"/><InterfaceType ID="26" ObjType="1316804"><PortType ID="28" ObjType="1316846" WiringTypeRefId="20" FOTypes="4"/></InterfaceType></DeviceType><DeviceType ID="32" ObjType="1316803" Name="EX245-PN-FX" Webable="1"><GraphLayout BitMapPath="C:\Program Files (x86)\Siemens\Step7\S7data\Nsbmp\GSDML-0083-0056-EX2454N.bmp"/><InterfaceType ID="34" ObjType="1316804"><PortType ID="36" ObjType="1316846" WiringTypeRefId="20" FOTypes="4"/></InterfaceType></DeviceType><DeviceType ID="40" ObjType="1316803" Name="EX245-PN-FX" Webable="1"><GraphLayout BitMapPath="C:\Program Files (x86)\Siemens\Step7\S7data\Nsbmp\GSDML-0083-0056-EX2454N.bmp"/><InterfaceType ID="42" ObjType="1316804"><PortType ID="44" ObjType="1316846" WiringTypeRefId="20" FOTypes="4"/></InterfaceType></DeviceType><DeviceType ID="47" ObjType="1316803" Name="EX245-RP" Webable="1"><GraphLayout BitMapPath="C:\Program Files (x86)\Siemens\Step7\S7data\Nsbmp\GSDML-0083-0007-EX245.bmp"/><InterfaceType ID="49" ObjType="1316804"><PortType ID="51" ObjType="1316846" WiringTypeRefId="20" FOTypes="4"/></InterfaceType></DeviceType><DeviceType ID="55" ObjType="1316803" Name="PSS6000WeldTimer" Webable="1"><GraphLayout BitMapPath="C:\Program Files (x86)\Siemens\Step7\S7data\Nsbmp\GSDML-011F-0001-Welding_Timers.bmp"/><InterfaceType ID="57" ObjType="1316804"><PortType ID="59" ObjType="1316846" WiringTypeRefId="20" FOTypes="4"/></InterfaceType></DeviceType><DeviceType ID="63" ObjType="1316803" Name="MVK-MPNIO-POF-IRT-V40" Webable="1"><GraphLayout BitMapPath="C:\Program Files (x86)\Siemens\Step7\S7data\Nsbmp\GSDML-012F-0121-MVK-MPNIO-POF-IRT-PP.bmp"/><InterfaceType ID="65" ObjType="1316804"><PortType ID="67" ObjType="1316846" WiringTypeRefId="20" FOTypes="4"/></InterfaceType></DeviceType></AvailableDeviceTypesStep7><UsedDevicesStep7><Device ID="4" Name="KJLTVR411630R01RS--KUX(KJLTVR411630R01RS--KUX)" DiagHeader="1" ObjID="1" IP="172.26.32.170" DeviceTypeRefId="5" MLFB="6GK1160-4AA00" RTClass3Type="RT" SupportRTClass3="1" StationRefId="6" StationPos="1" Station="KJLTVR411630R01RS--KUX" DeviceID="2752515" PNControllerRefId="4" DeviceNo="0" FWVersion="V2.6" SubnetRefId="3" IsInterface="1"><Interface ID="8" Name="KJLTVR411630R01RS--KUX" ObjID="1" InterfaceTypeRefId="9"><Port ID="10" ObjID="1" Name="Port 1 (X1 P1 R)" SlotNr="1" IsRingCapable="1" PortTypeRefId="11"/><Port ID="12" ObjID="2" Name="Port 2 (X1 P2 R)" SlotNr="2" IsRingCapable="1" PortTypeRefId="11"/><Port ID="13" ObjID="3" Name="Port 3 (X1 P3)" SlotNr="3" PortTypeRefId="11"/><Port ID="14" ObjID="4" Name="Port 4 (X1 P4)" SlotNr="4" PortTypeRefId="11"/></Interface></Device><Device ID="6" ObjID="4" Name="KJLTVR411630R01RS--KUX" DeviceTypeRefId="7"><GraphLayout XPos="-410" YPos="-54" IsExpanded="1" IsDeactivated="0"/><Interface ID="80" ObjID="2" Name="Stationmanager" InterfaceTypeRefId="81" ODString="00146052, 00000002, 00000000, 00000000, 00112001, 00000267, 00000000"/></Device><Device ID="15" Name="KJLTVR411630R01SZ-1KA1" ObjID="34" IP="172.26.32.176" DeviceTypeRefId="16" MLFB="XT581" RTClass3Type="RT" SupportRTClass3="1" Station="KJLTVR411630R01RS--KUX" DeviceID="8585221" SubsystemID="100" DeviceNo="176" Type="XT581" SubnetRefId="3" PNControllerRefId="4"><Interface ID="17" Name="KJLTVR411630R01SZ-1KA1" ObjID="35" InterfaceTypeRefId="18" SlotNr="0"><Port ID="19" ObjID="37" Name="Port 1 - FO (X1 P1 R)" SlotNr="1" IsRingCapable="1" PortTypeRefId="21" FOType="262145" ConnectionRefId="61"/><Port ID="22" ObjID="38" Name="Port 2 - FO (X1 P2 R)" SlotNr="2" IsRingCapable="1" PortTypeRefId="21" FOType="262145" ConnectionRefId="29"/></Interface><GraphLayout XPos="-261" YPos="-54" IsExpanded="1" IsDeactivated="0"/></Device><Device ID="23" Name="KJLTVR411630R01PR-1KA1" ObjID="60" IP="172.26.32.178" DeviceTypeRefId="24" MLFB="EX245" RTClass3Type="RT" SupportRTClass3="1" Station="KJLTVR411630R01RS--KUX" DeviceID="8585302" SubsystemID="100" DeviceNo="178" Type="SMC EX245" SubnetRefId="3" PNControllerRefId="4"><Interface ID="25" Name="KJLTVR411630R01PR-1KA1" ObjID="61" InterfaceTypeRefId="26" SlotNr="0"><Port ID="27" ObjID="63" Name="Port 1 - SC-RJ 100MBd FD (X1 P1 R)" SlotNr="1" IsRingCapable="1" PortTypeRefId="28" FOType="262145" ConnectionRefId="29"/><Port ID="30" ObjID="62" Name="Port 2 - SC-RJ 100MBd FD (X1 P2 R)" SlotNr="2" IsRingCapable="1" PortTypeRefId="28" FOType="262145" ConnectionRefId="37"/></Interface><GraphLayout XPos="-187" YPos="-54" IsExpanded="1" IsDeactivated="0"/></Device><Device ID="31" Name="KJLTVR411630R01RP-1KA1" ObjID="18" IP="172.26.32.174" DeviceTypeRefId="32" MLFB="EX245" RTClass3Type="RT" SupportRTClass3="1" Station="KJLTVR411630R01RS--KUX" DeviceID="8585302" SubsystemID="100" DeviceNo="174" Type="SMC EX245" SubnetRefId="3" PNControllerRefId="4"><Interface ID="33" Name="KJLTVR411630R01RP-1KA1" ObjID="19" InterfaceTypeRefId="34" SlotNr="0"><Port ID="35" ObjID="21" Name="Port 1 - SC-RJ 100MBd FD (X1 P1 R)" SlotNr="1" IsRingCapable="1" PortTypeRefId="36" FOType="262145" ConnectionRefId="37"/><Port ID="38" ObjID="22" Name="Port 2 - SC-RJ 100MBd FD (X1 P2 R)" SlotNr="2" IsRingCapable="1" PortTypeRefId="36" FOType="262145" ConnectionRefId="68"/></Interface><GraphLayout XPos="-112" YPos="-54" IsExpanded="1" IsDeactivated="0"/></Device><Device ID="39" Name="KJLTVR411630R01G--1KA1" ObjID="26" IP="172.26.32.175" DeviceTypeRefId="40" MLFB="EX245" RTClass3Type="RT" SupportRTClass3="1" Station="KJLTVR411630R01RS--KUX" DeviceID="8585302" SubsystemID="100" DeviceNo="175" Type="SMC EX245" SubnetRefId="3" PNControllerRefId="4"><Interface ID="41" Name="KJLTVR411630R01G--1KA1" ObjID="27" InterfaceTypeRefId="42" SlotNr="0"><Port ID="43" ObjID="29" Name="Port 1 - SC-RJ 100MBd FD (X1 P1 R)" SlotNr="1" IsRingCapable="1" PortTypeRefId="44" FOType="262145" ConnectionRefId="53"/><Port ID="45" ObjID="30" Name="Port 2 - SC-RJ 100MBd FD (X1 P2 R)" SlotNr="2" IsRingCapable="1" PortTypeRefId="44" FOType="262145"/></Interface><GraphLayout XPos="111" YPos="-54" IsExpanded="1" IsDeactivated="0"/></Device><Device ID="46" Name="KJLTVR411630R01RA-3KA1" ObjID="13" IP="172.26.32.173" DeviceTypeRefId="47" MLFB="EX245" RTClass3Type="RT" SupportRTClass3="1" Station="KJLTVR411630R01RS--KUX" DeviceID="8585223" SubsystemID="100" DeviceNo="173" Type="SMC EX245" SubnetRefId="3" PNControllerRefId="4"><Interface ID="48" Name="KJLTVR411630R01RA-3KA1" ObjID="14" InterfaceTypeRefId="49" SlotNr="0"><Port ID="50" ObjID="16" Name="Port 1 - FO (X1 P1 R)" SlotNr="1" IsRingCapable="1" PortTypeRefId="51" FOType="262145" ConnectionRefId="70"/><Port ID="52" ObjID="17" Name="Port 2 - FO (X1 P2 R)" SlotNr="2" IsRingCapable="1" PortTypeRefId="51" FOType="262145" ConnectionRefId="53"/></Interface><GraphLayout XPos="37" YPos="-54" IsExpanded="1" IsDeactivated="0"/></Device><Device ID="54" Name="KJLTVR411630R01SK-1KA1" ObjID="40" IP="172.26.32.177" DeviceTypeRefId="55" MLFB="PSS6000" RTClass3Type="RT" SupportRTClass3="1" Station="KJLTVR411630R01RS--KUX" DeviceID="18808833" SubsystemID="100" DeviceNo="177" FWVersion="V3.00" Type="Welding Timers" SubnetRefId="3" PNControllerRefId="4"><Interface ID="56" Name="KJLTVR411630R01SK-1KA1" ObjID="41" InterfaceTypeRefId="57" SlotNr="0"><Port ID="58" ObjID="43" Name="SC-RJ 100 MBit/s (P1 R)" SlotNr="1" IsRingCapable="1" PortTypeRefId="59" FOType="262145"/><Port ID="60" ObjID="44" Name="SC-RJ 100 MBit/s (P2 R)" SlotNr="2" IsRingCapable="1" PortTypeRefId="59" FOType="262145" ConnectionRefId="61"/></Interface><GraphLayout XPos="-335" YPos="-54" IsExpanded="1" IsDeactivated="0"/></Device><Device ID="62" Name="KJLTVR411630R01RA-1KA1" ObjID="67" IP="172.26.32.172" DeviceTypeRefId="63" MLFB="55254" IsSharedDevice="1" PrimaryAssignment="1" RTClass3Type="RT" SupportRTClass3="1" Station="KJLTVR411630R01RS--KUX" DeviceID="19857697" SubsystemID="100" DeviceNo="172" FWVersion="4" Type="MVK-MPNIO PP galv.Tr." SubnetRefId="3" PNControllerRefId="4"><Interface ID="64" Name="KJLTVR411630R01RA-1KA1" ObjID="68" InterfaceTypeRefId="65" SlotNr="0"><Port ID="66" ObjID="70" Name="Port 1 (X1 P1)" SlotNr="1" IsRingCapable="1" PortTypeRefId="67" FOType="262145" ConnectionRefId="68" IsPortAssigned="1"/><Port ID="69" ObjID="69" Name="Port 2 (X1 P2)" SlotNr="2" IsRingCapable="1" PortTypeRefId="67" FOType="262145" ConnectionRefId="70" IsPortAssigned="1"/></Interface><GraphLayout XPos="-38" YPos="-54" IsExpanded="1" IsDeactivated="0"/></Device></UsedDevicesStep7><ConnectionList><Connection ID="29" PortToPortLength="50000" PortToPortDelay="300"><Comment></Comment></Connection><Connection ID="37" PortToPortLength="50000" PortToPortDelay="300"><Comment></Comment></Connection><Connection ID="53" PortToPortLength="50000" PortToPortDelay="300"><Comment></Comment></Connection><Connection ID="61" PortToPortLength="50000" PortToPortDelay="300"><Comment></Comment></Connection><Connection ID="68" PortToPortLength="50000" PortToPortDelay="300"><Comment></Comment></Connection><Connection ID="70" PortToPortLength="50000" PortToPortDelay="300"><Comment></Comment></Connection></ConnectionList><UserSettings><GraphLayout InitialPosLeft="-341" InitialPosRight="213" InitialPosTop="-160" InitialPosBottom="218" SliderPos="43"/><WindowSettings ShowDeltaList="1" ShowCatalogList="1" InOnlineMode="1" SortedColumn="0" WndPosSize="64;31;900;661" TableFilter="0" ShowStationName="1" Unit="m" SelectionIDs="50;"/><WallpaperList/><GroupList/><OptionsSettings MiniatureAndCatalogView="1" StationsAndModuleView="0" NodesListView="0"/><ColumnSettings OfflineColumns="Name;Partner;LengthOffline;Length;SignalTime;Comment;Subnet;IPAddress;" OnlineColumns="Name;State;Partner;LengthOffline;LengthOnline;Damping;Length;SignalTime;Comment;Subnet;IPAddress;"/></UserSettings></Project></TopologieFile>
